"hashtags/0","hashtags/1","hashtags/2","hashtags/3","hashtags/4","hashtags/5","hashtags/6","hashtags/7","hashtags/8","hashtags/9","hashtags/10","hashtags/11","hashtags/12","hashtags/13","hashtags/14","hashtags/15","hashtags/16","hashtags/17","hashtags/18","hashtags/19","hashtags/20","hashtags/21","hashtags/22","id","ownerId","timestamp","videoViewCount","videoDuration","likesCount","commentsCount"
"fitness","explorepage","gains","aesthetics","gym","bodybuilding","gymmotivation","workout",,,,,,,,,,,,,,,,"3587003926496803118","48687653855","2025-03-13T00:04:24.000Z","14440314","7.9","3149594","3883"
"gym","gymmotivation","therapy","relatable","gymislife","mentalhealth","mindset","fitness","fitnessmotivation","motivation","inspiration","sanctuary","weightlifting",,,,,,,,,,,"3580140159904800566","6757049171","2025-03-03T12:47:10.000Z","257176","12.733","98651","229"
"motivation","fitnessmotivation","gymmotivation","arms","gains","fit","workoutmotivation","workout","natty","aesthetics","bodybuilding","posing","classic","legs","back","chest","explore","explorepage","instareels","reels","viral","trending","fitness","3014175692037625577","49118019410","2023-01-12T15:36:22.000Z","26173","6","4822","43"
"gym","fit","workoutmotivation","bodybuilding","classicphysique","aesthetics","fitness","gymmotivation","explore",,,,,,,,,,,,,,,"3754134841626534460","274644626","2025-10-29T14:29:50.000Z","4518","13.7","-1","32"
,,,,,,,,,,,,,,,,,,,,,,,"3665977027481388346","47835746976","2025-06-29T23:09:09.000Z","3630787","7.433","1434223","3356"
"fitness","fitnessaddict","athletics","muscle","explorepage",,,,,,,,,,,,,,,,,,,"3245486590728061352","271594769","2023-11-27T19:09:47.000Z","697915","9","65565","136"
"fitness","cardio","hiit","fitnessmotivation","fitnesschallenge",,,,,,,,,,,,,,,,,,,"3488905483966712415","256788021","2024-10-28T15:52:17.000Z","0","17.3","99598","501"
"mondaymorningmotivation","mondaymotivaton","mambamentality","fitnessmotivation","fitness",,,,,,,,,,,,,,,,,,,"3615760071642261533","5866851013","2025-04-21T16:21:08.000Z","8534","11.266","-1","20"
"motivation","gym","fitness","bodybuilding","cbum","zyzz","physique","youngla","gymshark","gymmotivation","trentwins","onlinecoaching","workoutmotivation","fitnessgoals","gymfit","fitnesslifetstyle","gymrat","explore","teenbodybuilder",,,,,"3084483639144164581","207737687","2023-04-19T15:46:22.000Z","1062745","8.233","126212","782"
"chestday","chestworkout","boxing","flexibility","hybridathlete","hybridtraining","healthylifestyle","fitnesscoach","fitnesstrainer","gymmotivation","explore","explorepage","reelsinstagram",,,,,,,,,,,"3452654300009097600","6722367163","2024-09-08T15:18:21.000Z","58255","90","12288","159"
"ﬁtness","aestheticphysique","gym","abs","shredded","fitnessmodel","fitnessmotivation","bodybuilding","physique","fitnessjourney","jawline","style","fitfam","aesthetics","explorepage✨","exercise","workout","veins","explore",,,,,"3631032632966375038","47721535510","2025-05-12T18:00:42.000Z",,,"27229","209"
