"hashtags/0","hashtags/1","hashtags/2","hashtags/3","hashtags/4","hashtags/5","hashtags/6","hashtags/7","hashtags/8","hashtags/9","hashtags/10","hashtags/11","hashtags/12","hashtags/13","hashtags/14","hashtags/15","hashtags/16","hashtags/17","hashtags/18","hashtags/19","hashtags/20","hashtags/21","id","ownerId","timestamp","videoViewCount","videoDuration","likesCount","commentsCount"
"fitnessmotivation","asthetic","physique","fitness","bodybuiding","gym","motivation","bodybuilder","explorepage","workout","workoutmotivation","weightlifting","powerlifting",,,,,,,,,,"3707105007571304538","207737687","2025-08-25T17:04:36.000Z","4146","10.8","726","16"
"gym","gymmotivation","motivation","quotes","mindset",,,,,,,,,,,,,,,,,,"3813517977711762126","6757049171","2026-01-19T12:47:01.000Z","26897","11.266","9827","82"
"fitnessmotivation","asthetic","physique","fitness","bodybuiding","gym","motivation","bodybuilder","explorepage","workout","workoutmotivation","weightlifting","powerlifting",,,,,,,,,,"3668684609760242880","207737687","2025-07-03T16:49:36.000Z","1662","8.733","1961","33"
"aesthetic","gym","gymmotivation","bodybuilding","explore",,,,,,,,,,,,,,,,,,"3809899148418999226","6757049171","2026-01-14T12:57:23.000Z","4207","16.433","1153","63"
"gym","gymmotivation","mindset","quotes","motivation",,,,,,,,,,,,,,,,,,"3814963549207524223","6757049171","2026-01-21T12:38:50.000Z","0","13.7","1580","52"
"gym","gymmotivation","bodybuilding","reels","explore",,,,,,,,,,,,,,,,,,"3818604149177796735","6757049171","2026-01-26T13:15:15.000Z","1445","17.766","-1","27"
"fitnessmotivation","asthetic","physique","fitness","bodybuiding","gym","motivation","bodybuilder","explorepage","workout","workoutmotivation","weightlifting","powerlifting",,,,,,,,,,"3700691746253365487","207737687","2025-08-16T20:42:16.000Z","6577","10.6","1543","35"
"asthetic","physique","fitness","bodybuiding","gym","motivation","bodybuilder","explorepage","workout",,,,,,,,,,,,,,"3683867129485134749","207737687","2025-07-24T15:36:49.000Z","6440","10.366","1475","20"
,,,,,,,,,,,,,,,,,,,,,,"3688264804666035293","207737687","2025-07-30T17:11:38.000Z","6039","10.3","1200","32"
"gym","gymmotivation","mindset","motivation","quotes",,,,,,,,,,,,,,,,,,"3808470038392073136","6757049171","2026-01-12T13:38:19.000Z","4605","12.633","1250","37"
"asthetic","physique","fitness","bodybuiding","gym","motivation","bodybuilder","explorepage","workout",,,,,,,,,,,,,,"3682587649115871254","207737687","2025-07-22T21:11:57.000Z","10869","9.533","1519","22"
"gymmotivation","gym","mindset","quotes","motivation",,,,,,,,,,,,,,,,,,"3803352023627431309","6757049171","2026-01-05T12:15:25.000Z","0","12.143","3758","67"
"gym","diet","bodybuiding","fitness","lifting",,,,,,,,,,,,,,,,,,"3675162934007333824","207737687","2025-07-12T15:20:45.000Z","5348","9.1","4813","78"
"gym","fitness","gymmotivation","bodybuilding","fyp",,,,,,,,,,,,,,,,,,"3806278047390478942","6757049171","2026-01-09T13:03:09.000Z","0","15.6","-1","43"
,,,,,,,,,,,,,,,,,,,,,,"3728274593573715946","1203523550","2025-09-23T22:06:19.000Z","199444","11.878","58358","172"
"fitnessmotivation","asthetic","physique","fitness","bodybuiding","gym","motivation","bodybuilder","explorepage","workout","workoutmotivation","weightlifting","powerlifting",,,,,,,,,,"3663010011888107323","207737687","2025-06-25T20:55:04.000Z","0","6.8","624","7"
"gym","gymmotivation","pain","bodybuilding","fyp",,,,,,,,,,,,,,,,,,"3815692372727290115","6757049171","2026-01-22T12:47:05.000Z","0","12.133","-1","37"
,,,,,,,,,,,,,,,,,,,,,,"3709161271612032242","1203523550","2025-08-28T13:19:07.000Z","0","11.6","10648","71"
,,,,,,,,,,,,,,,,,,,,,,"3681823159790709155","1203523550","2025-07-21T20:03:32.000Z","0","15.9","8105","59"
,,,,,,,,,,,,,,,,,,,,,,"3781417875174165970","1203523550","2025-12-06T05:49:39.000Z","0","22.36","368","5"
,,,,,,,,,,,,,,,,,,,,,,"3672334154225191658","1203523550","2025-07-08T17:40:32.000Z","8107","16.666","7643","53"
,,,,,,,,,,,,,,,,,,,,,,"3804078973081748961","1203523550","2026-01-06T12:13:50.000Z","0","9.845","89","0"
,,,,,,,,,,,,,,,,,,,,,,"3817723099643194255","771198260","2026-01-25T08:01:36.000Z","37248","12.033","5670","61"
"haircare","hairloss",,,,,,,,,,,,,,,,,,,,,"3809304260475717833","24899333500","2026-01-13T17:15:54.000Z","78794","50.689","3786","57"
,,,,,,,,,,,,,,,,,,,,,,"3815575450479578681","771198260","2026-01-22T08:55:07.000Z","57483","16.8","6954","44"
"workoutmotivation","upperbodyworkout",,,,,,,,,,,,,,,,,,,,,"3816292959511985826","771198260","2026-01-23T08:40:56.000Z","0","58.866","5926","35"
"gymmotivation","abs","gym","asian",,,,,,,,,,,,,,,,,,,"3819932699465420126","771198260","2026-01-28T09:12:32.000Z","22564","14.536","3516","22"
,,,,,,,,,,,,,,,,,,,,,,"3817006826479284476","771198260","2026-01-24T08:20:10.000Z","33959","56.166","5141","46"
"aautospa","luxurymobiledetailing","porschedetailing","gyminfluencer","bocaraton",,,,,,,,,,,,,,,,,,"3816065992997571113","76434605571","2026-01-23T01:11:04.000Z","13356","64.968","680","12"
"formcorrection","gymrat",,,,,,,,,,,,,,,,,,,,,"3815976323323555294","5866851013","2026-01-22T22:12:16.000Z","7029","8.1","294","3"
,,,,,,,,,,,,,,,,,,,,,,"3815838262632743922","256788021","2026-01-22T17:40:50.000Z","235904","34.784","19166","105"
,,,,,,,,,,,,,,,,,,,,,,"3820357612559349714","47835746976","2026-01-28T23:15:46.000Z","86","14.5","-1","1"
"motivational","gym","gymmotivation","growth","mindset","quotes","fitness","fitnessmotivation","inspiration",,,,,,,,,,,,,,"3783034689054511503","6757049171","2025-12-08T11:22:23.000Z","69689","15.333","27099","90"
"gym","gymmotivation","mindset","quotes","relatable","fitness","fitnessmotivation","motivation","dontgiveup","inspiration",,,,,,,,,,,,,"3779451972333337163","6757049171","2025-12-03T12:45:28.000Z","7922","20.4","2413","66"
"legday","gym",,,,,,,,,,,,,,,,,,,,,"3814106529780034099","771198260","2026-01-20T08:16:47.000Z","0","58.747","7353","64"
"gymmotivation","gym","bodybuilding","bebetter","motivation",,,,,,,,,,,,,,,,,,"3792501100030146447","6757049171","2025-12-21T12:50:24.000Z","3390","15.566","-1","44"
"gym","gymmotivation","motivation","mindset","inspiration",,,,,,,,,,,,,,,,,,"3796226045549715889","6757049171","2025-12-26T16:11:13.000Z","23711","11.1","6297","80"
,,,,,,,,,,,,,,,,,,,,,,"3817481865490532259","47835746976","2026-01-25T00:02:32.000Z","14521","5.689","-1","27"
,,,,,,,,,,,,,,,,,,,,,,"3819679310765036361","47835746976","2026-01-28T00:48:18.000Z","55053","15.833","3325","179"
"gym","fitness","gymmotivation","fitnessmotivation","armpump","arms","bodybuilding","fitnessmodel","workout","aesthetic","reels",,,,,,,,,,,,"3775825333993020597","6757049171","2025-11-28T12:41:03.000Z","4013","20.133","-1","41"
"gymmotivation","gym","bodybuilding","natty","fyp",,,,,,,,,,,,,,,,,,"3797574055344898960","6757049171","2025-12-28T12:49:00.000Z","0","15.466","-1","47"
"gym","gymmotivation","motivation","mindset","obsessed","fitness","fitnessmotivation","relatable","quotes","inspiration","discipline",,,,,,,,,,,,"3788218171787514839","6757049171","2025-12-15T15:00:52.000Z","39612","14.3","13883","64"
"gym","motivation","gymmotivation","fitness","fitnessmotivation","mindset","quotes","dontgiveup","inspiration",,,,,,,,,,,,,,"3789658756213842475","6757049171","2025-12-17T14:42:43.000Z","0","12.633","33454","80"
,,,,,,,,,,,,,,,,,,,,,,"3816019020315831809","47835746976","2026-01-22T23:39:41.000Z","12092","38.778","-1","13"
,,,,,,,,,,,,,,,,,,,,,,"3818210350915910676","47835746976","2026-01-26T00:11:36.000Z","20639","7.407","-1","59"
,,,,,,,,,,,,,,,,,,,,,,"3783254653195602268","40360206912","2025-12-08T18:40:56.000Z","106285","43.766","25473","454"
"gym","gymmotivation","zyzz","zyzzmotivation","17","17yearsold","workout","workoutmotivation",,,,,,,,,,,,,,,"3560210306318055370","47835746976","2025-02-04T00:50:00.000Z","8766339","9.666","1515348","5158"
,,,,,,,,,,,,,,,,,,,,,,"3800677610129843921","40360206912","2026-01-01T19:36:46.000Z","1086553","27.283","141475","2183"
,,,,,,,,,,,,,,,,,,,,,,"3820191850083476803","256788021","2026-01-28T17:47:53.000Z","0","61.77","20490","657"
"skateboard","backflip","sctop10","viral",,,,,,,,,,,,,,,,,,,"3169985619350932146","256788021","2023-08-15T15:06:04.000Z","915764","19.9","123098","931"
,,,,,,,,,,,,,,,,,,,,,,"3778979435316263585","1203523550","2025-12-02T21:09:19.000Z","0","65.433","14781","85"
,,,,,,,,,,,,,,,,,,,,,,"3814382706302728123","256788021","2026-01-20T17:26:51.000Z","71531","13.909","5697","90"
,,,,,,,,,,,,,,,,,,,,,,"3236795641231753855","44755953","2023-11-15T19:31:21.000Z","0","5.883","1092931","1588"
,,,,,,,,,,,,,,,,,,,,,,"3201871542995628312","44755953","2023-09-28T15:03:08.000Z","3673121","59.6","514445","1591"
"gym","gymmotivation","asain",,,,,,,,,,,,,,,,,,,,"3819202847712056600","771198260","2026-01-27T09:01:52.000Z","35503","13.433","7185","65"
,,,,,,,,,,,,,,,,,,,,,,"3808584737540346348","40360206912","2026-01-12T17:28:50.000Z","52187","20.033","6431","80"
,,,,,,,,,,,,,,,,,,,,,,"3805811504806187338","40360206912","2026-01-08T21:36:03.000Z","188943","45.8","19586","327"
,,,,,,,,,,,,,,,,,,,,,,"3802153109888787503","40360206912","2026-01-03T20:27:40.000Z","0","34.233","17471","287"
,,,,,,,,,,,,,,,,,,,,,,"3682218910081442962","1203523550","2025-07-22T08:59:35.000Z","916","15.9","105","1"
,,,,,,,,,,,,,,,,,,,,,,"3817286683839003244","2107737265","2026-01-24T17:34:37.000Z","101037","15.44","19917","72"
"insane","challenge","sctop10","backflip","viral",,,,,,,,,,,,,,,,,,"3130125630321260576","256788021","2023-06-21T15:18:45.000Z","10606334","11.466","709410","3716"
,,,,,,,,,,,,,,,,,,,,,,"3817974627423833657","2107737265","2026-01-25T16:21:24.000Z","73160","53.567","6423","160"
,,,,,,,,,,,,,,,,,,,,,,"3816672746726884197","2107737265","2026-01-23T21:14:42.000Z","166538","57.051","19283","291"
,,,,,,,,,,,,,,,,,,,,,,"3811613926694650985","40360206912","2026-01-16T21:44:32.000Z","259457","42.4","37657","555"
"fitnessmotivation","gymrat","backworkout",,,,,,,,,,,,,,,,,,,,"3816519385674214162","5866851013","2026-01-23T16:14:08.000Z","7330","31.277","640","8"
"1?","biceps","bicepexercises","armworkout",,,,,,,,,,,,,,,,,,,"3819520746486670485","5866851013","2026-01-27T19:36:33.000Z","4772","46.208","-1","13"
,,,,,,,,,,,,,,,,,,,,,,"3819457156475907077","2107737265","2026-01-27T17:26:50.000Z","53750","70.003","5505","32"
,,,,,,,,,,,,,,,,,,,,,,"3819285418071859949","5866851013","2026-01-27T12:01:47.000Z","0","179.966","68","1"
"healthyeating","nutrition","gymrat","weightlossdiet",,,,,,,,,,,,,,,,,,,"3817939886523087095","5866851013","2026-01-25T15:12:28.000Z","16020","10.17","-1","21"
,,,,,,,,,,,,,,,,,,,,,,"3819620033078071212","2107737265","2026-01-27T22:50:00.000Z","633786","6.1","46387","237"
"fitness","motivation","gymnotivation","motivating","#zyzz","couplegoals","shredded","elysium","gymrat","fitcheck","gymfit","teenbodybuilding","model","posing",,,,,,,,,"3570236990442676642","2107737265","2025-02-17T20:51:52.000Z","7893048","38.866","1142712","6112"
"gym","gymrat","gymmotivation","relatable","motivation",,,,,,,,,,,,,,,,,,"3816428509552952008","6757049171","2026-01-23T13:17:17.000Z","0","10.402","4616","42"
,,,,,,,,,,,,,,,,,,,,,,"3820274303657687098","2107737265","2026-01-28T20:30:21.000Z","15713","70.003","1629","16"
,,,,,,,,,,,,,,,,,,,,,,"3665977027481388346","47835746976","2025-06-29T23:09:09.000Z","0","7.433","1434224","3356"
"challenge","backflip","insane","viral","sctop10",,,,,,,,,,,,,,,,,,"3138828617853740659","256788021","2023-07-03T15:30:48.000Z","3405258","15.2","441550","1569"
,,,,,,,,,,,,,,,,,,,,,,"3817963961443280687","256788021","2026-01-25T16:01:44.000Z","0","45.086","30159","167"
,,,,,,,,,,,,,,,,,,,,,,"3818753567121826290","2107737265","2026-01-26T18:09:23.000Z","0","38.638","338","1"
"workout","gym","fitness","bodybuilding","health",,,,,,,,,,,,,,,,,,"3820162426680007816","7110093853","2026-01-28T16:48:41.000Z","2631","26.866","336","8"
"workout","gym","fitness","bodybuilding","health",,,,,,,,,,,,,,,,,,"3820096884682022536","7110093853","2026-01-28T14:38:45.000Z","1898","49.877","380","2"
,,,,,,,,,,,,,,,,,,,,,,"3448702363857403166","7110093853","2024-09-03T04:24:14.000Z","402038","90.033","23197","319"
,,,,,,,,,,,,,,,,,,,,,,"3819875219238967574","7110093853","2026-01-28T07:17:50.000Z","8132","20.502","877","7"
,,,,,,,,,,,,,,,,,,,,,,"3820333616375539763","7110093853","2026-01-28T22:28:12.000Z","898","28.3","118","2"
"workout","gym","fitness","bodybuilding","health","nutrition",,,,,,,,,,,,,,,,,"3496207523869214531","7110093853","2024-11-07T17:30:03.000Z","0","26.366","21991","317"
"gym","fitness",,,,,,,,,,,,,,,,,,,,,"3820275745382414949","49575399710","2026-01-28T20:33:06.000Z","531","14.633","145","23"
,,,,,,,,,,,,,,,,,,,,,,"3814463887299801150","49575399710","2026-01-20T20:06:52.000Z","3443","24.056","689","47"
,,,,,,,,,,,,,,,,,,,,,,"3815240268329746126","49575399710","2026-01-21T21:49:19.000Z","3113","14.166","568","24"
"workout","gym","fitness","bodybuilding","health",,,,,,,,,,,,,,,,,,"3820163492075080686","7110093853","2026-01-28T16:50:25.000Z","2085","34.533","237","2"
"gym","fitness",,,,,,,,,,,,,,,,,,,,,"3819441411763320572","49575399710","2026-01-27T16:58:06.000Z","4613","13.733","673","34"
"aesthetics","bodybuilding","reels","explorepage","bodypositivity",,,,,,,,,,,,,,,,,,"3073015072306043751","49575399710","2023-04-03T20:00:12.000Z","0","16.666","461595","1442"
"gym","diet","bodybuiding","fitness","lifting",,,,,,,,,,,,,,,,,,"3598376260548572987","207737687","2025-03-28T16:39:13.000Z","97117","9.366","42082","130"
"workout","gym","fitness","bodybuilding","health","nutrition",,,,,,,,,,,,,,,,,"3450108533692413392","7110093853","2024-09-05T02:58:48.000Z","810667","9.676","69829","577"
"gym","diet","bodybuiding","fitness","lifting",,,,,,,,,,,,,,,,,,"3640419750153788642","207737687","2025-05-25T16:52:14.000Z","0","8.6","15080","136"
"gym","diet","bodybuiding","fitness","lifting",,,,,,,,,,,,,,,,,,"3622275466422198680","207737687","2025-04-30T16:03:29.000Z","17470","11.3","7439","60"
"gym","diet","bodybuiding","fitness","lifting",,,,,,,,,,,,,,,,,,"3603406959601248180","207737687","2025-04-04T15:14:47.000Z","23068","9.4","7145","61"
"gym","fitness",,,,,,,,,,,,,,,,,,,,,"3818975291419454085","49575399710","2026-01-27T01:30:04.000Z","4235","12.966","651","36"
"gym","aesthetics","fitness","workout","gains","healthylifestyle","health","bodybuilding","motivation","dedication","gymmotivation","gymlife","competition","trusttheprocess","muscle","mindset","leangains","shredded","legday","transformation","roadtonpc","roadtoifbbpro","3594766200129011890","207737687","2025-03-23T17:07:43.000Z","0","9.433","4600","45"
"reels","bodybuilding","explore",,,,,,,,,,,,,,,,,,,,"3304253260604699846","49575399710","2024-02-16T21:14:04.000Z","2487102","30.066","381526","1802"
"gym","diet","bodybuiding","fitness","lifting",,,,,,,,,,,,,,,,,,"3637529238203748612","207737687","2025-05-21T17:09:13.000Z","0","7.7","9733","91"
"fitnessmotivation","asthetic","physique","fitness","bodybuiding","gym","motivation","bodybuilder","explorepage","workout","workoutmotivation","weightlifting","powerlifting",,,,,,,,,,"3662801912475006941","207737687","2025-06-25T14:03:43.000Z","0","8.166","5574","66"
"cutting","fatloss","weightloss",,,,,,,,,,,,,,,,,,,,"3820241351116768231","5866851013","2026-01-28T20:10:25.000Z","2734","31.266","-1","10"
"gym","diet","bodybuiding","fitness","lifting",,,,,,,,,,,,,,,,,,"3651293920948750630","207737687","2025-06-09T16:57:15.000Z","1740","8.166","2955","45"
"fullworkout","workoutreel","fitnessreel","workoutroutine","workoutoftheday","onlinecoaching","onlinefitnesscoach","personaltrainer","fitness","fitnessmotivation","gymrat","fitguy","legexercises","legworkout","trendingaudio",,,,,,,,"3246088156339694250","5866851013","2023-11-28T15:05:20.000Z","3990531","12.466","258534","334"
"gym","fitness",,,,,,,,,,,,,,,,,,,,,"3817177216689637082","49575399710","2026-01-24T13:57:42.000Z","0","31.95","1139","28"
"youngla","stretching","mobility","flexibility","mobilitytraining","mobilitymonday","fitnessmodel","fitnessinfluencer","gymguy","fitguys","explore",,,,,,,,,,,,"3443267667111537468","5866851013","2024-08-26T16:30:27.000Z","0","46.366","210696","229"
"workoutprogram","gymprogram","upperlower","gymmotivation","asianboy","workoutmotivation","trainingprogram",,,,,,,,,,,,,,,,"3722852117703653457","771198260","2025-09-16T10:35:39.000Z","355347","93.166","30333","171"
,,,,,,,,,,,,,,,,,,,,,,"3820102707718474253","6722367163","2026-01-28T14:49:33.000Z","0","9.208","3563","28"
,,,,,,,,,,,,,,,,,,,,,,"3820144698909105122","6722367163","2026-01-28T16:12:58.000Z","14409","7.935","1489","13"
,,,,,,,,,,,,,,,,,,,,,,"3820103386147130926","6722367163","2026-01-28T14:50:52.000Z","0","17.666","4","0"
"reelsinstagram","heartbreak","heartbroken","transformation","pain","betterman","motivation","changeyourlife","positivethinking","bossup","lifelessons",,,,,,,,,,,,"3365899060120371868","6722367163","2024-05-11T22:32:09.000Z","0","14.566","1403826","6717"
,,,,,,,,,,,,,,,,,,,,,,"3819557190961832169","6722367163","2026-01-27T20:46:22.000Z","0","14.166","8339","68"
"hair","beard","buzzcut","hairstyles","relatable","bearded","explore","explorepage","reels","reelsinstagram",,,,,,,,,,,,,"3582544100530473051","6722367163","2025-03-06T20:24:14.000Z","8420033","9.166","332840","1212"
"relatable","relationships","selflove","hopecore","healthylifestyle",,,,,,,,,,,,,,,,,,"3599828609487253895","6722367163","2025-03-30T16:44:40.000Z","1392944","20.866","173283","2946"
"relatable","relationships","motivation","healthy",,,,,,,,,,,,,,,,,,,"3820179119724891467","6722367163","2026-01-28T17:21:51.000Z","90786","13.05","9974","85"
"reels","foryou","motivation","fitnessmotivation","mentality",,,,,,,,,,,,,,,,,,"3798435708219087617","59465170423","2025-12-29T17:21:46.000Z","0","58.56","22462","387"
"reels","foryou","fitnessmotivation","workout","training",,,,,,,,,,,,,,,,,,"3820049824221946658","59465170423","2026-01-28T13:04:34.000Z","0","26.88","2","0"
"reels","foryou","fitnessmotivation","training","nattytransformation",,,,,,,,,,,,,,,,,,"3820048961847825223","59465170423","2026-01-28T13:03:55.000Z","604","34.801","37","0"
"grwm","suit","photoshoot",,,,,,,,,,,,,,,,,,,,"3820319760962363759","6722367163","2026-01-28T22:01:01.000Z","16408","58.033","2708","56"
"reels","fitness","workout","training","motivation",,,,,,,,,,,,,,,,,,"3820092646530620128","59465170423","2026-01-28T14:30:08.000Z","194","47.56","9","0"
,,,,,,,,,,,,,,,,,,,,,,"3388937153848670818","44755953","2024-06-12T17:32:45.000Z","4254514","49.716","832386","2909"
"outfitideas",,,,,,,,,,,,,,,,,,,,,,"3812211224960636248","24899333500","2026-01-17T17:32:41.000Z","38840","42.678","5391","87"
"gym","diet","bodybuiding","fitness","lifting",,,,,,,,,,,,,,,,,,"3660015842754724785","207737687","2025-06-21T17:45:58.000Z","0","11.966","2179","32"
"reels","fitness","triceps","workout","training",,,,,,,,,,,,,,,,,,"3820093180197130182","59465170423","2026-01-28T14:30:55.000Z","14","19.12","1","0"
,,,,,,,,,,,,,,,,,,,,,,"3622225145687865555","5416455883","2025-04-30T14:25:44.000Z","0","14","358214","1434"
,,,,,,,,,,,,,,,,,,,,,,"3765971751470733928","44755953","2025-11-14T22:22:41.000Z","1166732","9.682","294538","941"
,,,,,,,,,,,,,,,,,,,,,,"3462362545779090822","44755953","2024-09-22T00:55:36.000Z","0","40.582","175076","536"
,,,,,,,,,,,,,,,,,,,,,,"3399738539410482734","44755953","2024-06-27T15:00:54.000Z","4141350","12.971","595163","1954"
"prozis","americanfootball","gym","getbettertoday","trackandfield","widereciever","fyp","trend","performance",,,,,,,,,,,,,,"3815044813075038335","61516177636","2026-01-21T15:29:45.000Z","0","124.201","76","11"
"americanfootball","gym","getbettertoday","trackandfield","track","widereciever","fyp","trend","performance","weightlifting",,,,,,,,,,,,,"3817796582783854052","61516177636","2026-01-25T10:29:18.000Z","3527","9.233","370","5"
"gym","americanfootball","getbettertoday","trackandfield","track","widereciever","fyp","trend","performance","weightlifting",,,,,,,,,,,,,"3819992285744498686","61516177636","2026-01-28T11:12:36.000Z","4398","47.3","288","3"
"americanfootball","gym","getbettertoday","trackandfield","track","widereciever","fyp","trend","performance","weightlifting",,,,,,,,,,,,,"3819449064538798239","61516177636","2026-01-27T17:13:48.000Z","0","40.433","1887","18"
"americanfootball","gym","getbettertoday","trackandfield","track","widereciever","fyp","trend","performance","weightlifting",,,,,,,,,,,,,"3814864582733247863","61516177636","2026-01-21T09:24:31.000Z","10787","41.539","817","8"
"americanfootball","gym","getbettertoday","trackandfield","track","widereciever","fyp","trend","performance","weightlifting",,,,,,,,,,,,,"3816602377336185467","61516177636","2026-01-23T18:56:10.000Z","5141","11.005","331","6"
"americanfootball","gym","getbettertoday","trackandfield","widereciever","track","trend","fyp","performance","weightlifting",,,,,,,,,,,,,"3815702949150600059","61516177636","2026-01-22T13:10:28.000Z","7377","29.3","360","11"
"asthetic","physique","fitness","bodybuiding","gym","motivation","bodybuilder","explorepage","workout",,,,,,,,,,,,,,"3669433184895039506","207737687","2025-07-04T17:38:28.000Z","0","8.666","18367","236"
,,,,,,,,,,,,,,,,,,,,,,"3820253780701605763","49575399710","2026-01-28T19:49:30.000Z","1","15.092","0","0"
"gym","gymworkout","upperbodyworkout","asian",,,,,,,,,,,,,,,,,,,"3818480871536163555","771198260","2026-01-26T09:08:05.000Z","37998","59.001","9006","51"
"americanfootball","gym","getbettertoday","trackandfield","track","widereciever","fyp","trend","performance","weightlifting",,,,,,,,,,,,,"3816480391356534588","61516177636","2026-01-23T15:07:36.000Z","0","215.943","233","12"
"mensfashion","mensstyle","cars","bmw","bmwm340i","g20","streetstyle",,,,,,,,,,,,,,,,"3149683895444161669","24899333500","2023-07-18T14:48:46.000Z","356019","21.2","32933","269"
"outfitidea",,,,,,,,,,,,,,,,,,,,,,"3817974697618856044","24899333500","2026-01-25T16:21:59.000Z","26545","35.596","3068","48"
"caribbean","vacationoutfit",,,,,,,,,,,,,,,,,,,,,"3817124275941285039","24899333500","2026-01-24T12:13:07.000Z","0","32.461","3453","57"
"solaraypartner","1",,,,,,,,,,,,,,,,,,,,,"3807115588326747967","40360206912","2026-01-10T16:49:48.000Z","55134","58.366","4383","46"
,,,,,,,,,,,,,,,,,,,,,,"3816557737854236639","256788021","2026-01-23T17:29:54.000Z","64845","22.313","4938","173"
,,,,,,,,,,,,,,,,,,,,,,"3788291994473800799","40360206912","2025-12-15T17:27:51.000Z","149675","31.133","30297","350"
,,,,,,,,,,,,,,,,,,,,,,"3802233224970889912","1203523550","2026-01-03T23:07:52.000Z","83116","9.845","24089","143"
"DoveMenPartner","DoveMenCare",,,,,,,,,,,,,,,,,,,,,"3810782702605549118","24899333500","2026-01-15T18:12:09.000Z","29017","25.942","2180","12"
"workout","gym","fitness","bodybuilding","health",,,,,,,,,,,,,,,,,,"3820098268248865296","7110093853","2026-01-28T14:40:49.000Z","0","65.109","123","4"
,,,,,,,,,,,,,,,,,,,,,,"3813635765092585865","256788021","2026-01-19T16:44:37.000Z","201909","23.231","15232","117"
"reels","foryou","training","fitnessmotivation","motivation",,,,,,,,,,,,,,,,,,"3819415614729658925","59465170423","2026-01-27T16:04:22.000Z","7803","32.08","275","4"
"dating","relationships","selfimprovement","mindset","lifeadvice",,,,,,,,,,,,,,,,,,"3820093642132570299","59465170423","2026-01-28T14:32:15.000Z","0","53.04","0","0"
,,,,,,,,,,,,,,,,,,,,,,"3247639180245653907","44755953","2023-11-30T18:33:54.000Z","0","18.333","343344","1148"
"HBADA","HBADAE3","officechair","bestchair","ergonomicchair",,,,,,,,,,,,,,,,,,"3816009861750125858","24899333500","2026-01-22T23:19:16.000Z","49750","61.323","3575","33"
"reels","foryou","relationships","dating","mindset",,,,,,,,,,,,,,,,,,"3820051382120650209","59465170423","2026-01-28T13:08:28.000Z","20","52.64","2","0"
"reels","foryou","motivation","fitnessmotivation","mentality",,,,,,,,,,,,,,,,,,"3819437046440547656","59465170423","2026-01-27T16:50:17.000Z","0","16.579","19304","73"
,,,,,,,,,,,,,,,,,,,,,,"3249742699618409851","44755953","2023-12-03T16:13:10.000Z","5553165","12.261","830966","1935"
,,,,,,,,,,,,,,,,,,,,,,"3802379681358678335","49575399710","2026-01-04T03:57:12.000Z","0","40.907","89","3"
,,,,,,,,,,,,,,,,,,,,,,"3806473735193448182","49575399710","2026-01-09T19:32:03.000Z","3330","30.951","767","42"
,,,,,,,,,,,,,,,,,,,,,,"3818752216555914427","2107737265","2026-01-26T18:06:40.000Z","56701","17.112","11521","57"
,,,,,,,,,,,,,,,,,,,,,,"3805141447050477960","49575399710","2026-01-07T23:27:06.000Z","0","15.7","2914","104"
,,,,,,,,,,,,,,,,,,,,,,"3810298881796508970","49575399710","2026-01-15T02:12:13.000Z","6688","29.28","1540","35"
,,,,,,,,,,,,,,,,,,,,,,"3808667944621176137","49575399710","2026-01-12T20:11:48.000Z","0","15.9","1156","67"
"gym","fitness",,,,,,,,,,,,,,,,,,,,,"3803579501402636318","49575399710","2026-01-05T19:41:46.000Z","0","14.65","1416","50"
"preworkout","gymrat",,,,,,,,,,,,,,,,,,,,,"3809491339091911149","5866851013","2026-01-13T23:26:42.000Z","0","26.4","798","8"
"fatloss","weightloss","gymrat","fitnessmotivation",,,,,,,,,,,,,,,,,,,"3806350951044879495","5866851013","2026-01-09T15:30:29.000Z","3082","79.866","-1","30"
,,,,,,,,,,,,,,,,,,,,,,"3813068410717157482","47835746976","2026-01-18T21:53:55.000Z","465027","11.433","38633","311"
,,,,,,,,,,,,,,,,,,,,,,"3807937446139606527","49575399710","2026-01-11T20:00:06.000Z","0","14.028","1051","45"
"gymrat","muscleimbalance",,,,,,,,,,,,,,,,,,,,,"3810147079608790579","5866851013","2026-01-14T21:11:42.000Z","0","35.711","-1","10"
,,,,,,,,,,,,,,,,,,,,,,"3802385361545207469","49575399710","2026-01-04T04:08:59.000Z","1222","5.339","80","1"
"backworkout","backday","pullworkout","gymrat",,,,,,,,,,,,,,,,,,,"3807964933695617331","5866851013","2026-01-11T20:55:37.000Z","0","42.77","-1","15"
,,,,,,,,,,,,,,,,,,,,,,"3813881809810215721","47835746976","2026-01-20T00:49:50.000Z","55945","7.245","-1","176"
,,,,,,,,,,,,,,,,,,,,,,"3810226147825766407","47835746976","2026-01-14T23:47:14.000Z","90974","10.266","5263","209"
"gymcouples","hotcouples","gymrat",,,,,,,,,,,,,,,,,,,,"3810322857460809809","5866851013","2026-01-15T02:59:04.000Z","13840","8.847","1295","32"
,,,,,,,,,,,,,,,,,,,,,,"3813000612200564459","47835746976","2026-01-18T19:39:12.000Z","584943","25.833","59784","436"
,,,,,,,,,,,,,,,,,,,,,,"3814501237358793972","47835746976","2026-01-20T21:21:27.000Z","27326","9.709","-1","73"
"planetfitness","chestworkout","armworkout",,,,,,,,,,,,,,,,,,,,"3813128568427300741","5866851013","2026-01-18T23:56:46.000Z","4990","47.439","-1","6"
"abs","sixpack","abroutine",,,,,,,,,,,,,,,,,,,,"3812237683015560136","5866851013","2026-01-17T18:25:53.000Z","0","28.281","-1","18"
"veins","veiny","vascularity","gymrat",,,,,,,,,,,,,,,,,,,"3815270033609742948","5866851013","2026-01-21T22:49:00.000Z","3290","67.036","-1","9"
"upperbodyworkout","gym",,,,,,,,,,,,,,,,,,,,,"3807572152837302515","771198260","2026-01-11T07:54:08.000Z","59272","57.266","7940","59"
"fitnessmotivation","gymrat","mondaymotivation",,,,,,,,,,,,,,,,,,,,"3813723731425117697","5866851013","2026-01-19T19:35:30.000Z","9860","9.682","-1","21"
"gymtransformation",,,,,,,,,,,,,,,,,,,,,,"3810429402463439126","771198260","2026-01-15T06:35:50.000Z","104646","14.606","10616","94"
,,,,,,,,,,,,,,,,,,,,,,"3810959754747921677","47835746976","2026-01-16T00:05:27.000Z","30960","7.779","-1","36"
,,,,,,,,,,,,,,,,,,,,,,"3815286369502066443","47835746976","2026-01-21T23:20:45.000Z","35549","14.257","-1","107"
,,,,,,,,,,,,,,,,,,,,,,"3818631352921718204","6722367163","2026-01-26T14:06:14.000Z","25973","96.375","1650","11"
"gymtips","gym",,,,,,,,,,,,,,,,,,,,,"3808285873825995930","771198260","2026-01-12T07:32:03.000Z","52098","48.6","6398","56"
"legday","legdayworkout",,,,,,,,,,,,,,,,,,,,,"3809718275408478080","771198260","2026-01-14T06:58:12.000Z","0","54.266","7444","42"
"sleeperbuild","gym",,,,,,,,,,,,,,,,,,,,,"3811162242884924515","771198260","2026-01-16T06:46:35.000Z","0","14.79","2276","30"
"reels","foryou","motivation","fitness","gym",,,,,,,,,,,,,,,,,,"3819327721914941111","59465170423","2026-01-27T13:10:03.000Z","63839","34.84","2695","57"
,,,,,,,,,,,,,,,,,,,,,,"3819420510548205912","6722367163","2026-01-27T16:14:03.000Z","183471","7.918","31509","148"
"reels","foryou","training","fitnessmotivation","motivation",,,,,,,,,,,,,,,,,,"3819398601307204132","59465170423","2026-01-27T15:30:32.000Z","0","29.8","242","5"
"gym","fitness",,,,,,,,,,,,,,,,,,,,,"3812330020333903674","49575399710","2026-01-17T21:28:25.000Z","7665","15.906","921","41"
"relatable","fitnesscoach","gymmotivation","workout",,,,,,,,,,,,,,,,,,,"3818749509862753191","6722367163","2026-01-26T18:01:12.000Z","27170","10.033","3995","21"
,,,,,,,,,,,,,,,,,,,,,,"3819421123478659268","6722367163","2026-01-27T16:15:13.000Z","54","62.416","4","0"
,,,,,,,,,,,,,,,,,,,,,,"3819520810609122389","6722367163","2026-01-27T19:33:13.000Z","36","9.375","1","0"
"relatable","reels","explore","motivation",,,,,,,,,,,,,,,,,,,"3818763007065921605","6722367163","2026-01-26T18:27:58.000Z","36829","16.346","5141","38"
"reels","foryou","training","fitnessmotivation","motivation",,,,,,,,,,,,,,,,,,"3819398115439069310","59465170423","2026-01-27T15:29:57.000Z","12349","29.68","274","0"
"reels","foryou","fitnessmotivation","workout","training",,,,,,,,,,,,,,,,,,"3819328235121592203","59465170423","2026-01-27T13:10:55.000Z","9931","30.64","381","3"
"reels","motivation","fitnessmotivation","training","abs",,,,,,,,,,,,,,,,,,"3818579867437037519","59465170423","2026-01-26T12:24:14.000Z","2143","16.44","112","0"
"reels","foryou","motivation","fitness","gym",,,,,,,,,,,,,,,,,,"3819398788347985977","59465170423","2026-01-27T15:30:58.000Z","0","35.72","339","4"
"reels","foryou","motivation","fitnessmotivation","mentality",,,,,,,,,,,,,,,,,,"3819326993230084405","59465170423","2026-01-27T13:09:09.000Z","7578","44.24","239","0"
"relatable","explore","motivation",,,,,,,,,,,,,,,,,,,,"3818876769861178632","6722367163","2026-01-26T22:13:55.000Z","54192","14.615","7523","78"
"reels","foryou","motivation","fitnessmotivation","fitness",,,,,,,,,,,,,,,,,,"3818706689642614780","59465170423","2026-01-26T16:36:49.000Z","148825","20","19054","58"
,,,,,,,,,,,,,,,,,,,,,,"3818764031969321935","6722367163","2026-01-26T18:29:41.000Z","7067","22.129","575","2"
"highprotein","highproteinmeals",,,,,,,,,,,,,,,,,,,,,"3811921314290710195","771198260","2026-01-17T07:56:04.000Z","37098","59.001","4621","36"
,,,,,,,,,,,,,,,,,,,,,,"3749180441417019848","40360206912","2025-10-22T18:25:27.000Z","0","48.833","559699","15898"
"upperbodyworkout",,,,,,,,,,,,,,,,,,,,,,"3812684635004582656","771198260","2026-01-18T09:11:37.000Z","79473","57.3","8057","68"
"workout","gym","fitness","bodybuilding","health",,,,,,,,,,,,,,,,,,"3819596227365591487","7110093853","2026-01-27T22:03:33.000Z","34213","110.566","8211","109"
,,,,,,,,,,,,,,,,,,,,,,"3819868858778304200","7110093853","2026-01-28T07:04:40.000Z","0","10.1","25","0"
,,,,,,,,,,,,,,,,,,,,,,"3779552489323451868","40360206912","2025-12-03T16:04:47.000Z","0","20.038","14004","154"
,,,,,,,,,,,,,,,,,,,,,,"3759395334926735797","40360206912","2025-11-05T20:36:44.000Z","0","56.833","42246","595"
,,,,,,,,,,,,,,,,,,,,,,"3768621853472457421","40360206912","2025-11-18T14:09:31.000Z","90970","18.266","10600","99"
"health","tech",,,,,,,,,,,,,,,,,,,,,"3805658031565498074","24899333500","2026-01-08T16:30:00.000Z","76744","43.886","7676","57"
,,,,,,,,,,,,,,,,,,,,,,"3778917946870588663","40360206912","2025-12-02T19:04:02.000Z","338664","31.9","47033","830"
,,,,,,,,,,,,,,,,,,,,,,"3819869697295163957","7110093853","2026-01-28T07:06:18.000Z","562","6.013","26","1"
"gym","gymtips",,,,,,,,,,,,,,,,,,,,,"3813401897420279744","771198260","2026-01-19T08:56:24.000Z","36211","33.669","4623","22"
,,,,,,,,,,,,,,,,,,,,,,"3735436338746592102","40360206912","2025-10-03T19:22:11.000Z","218815","22.7","28372","254"
"workout","gym","fitness","bodybuilding","health",,,,,,,,,,,,,,,,,,"3819585099659173055","7110093853","2026-01-27T21:41:23.000Z","6035","110.133","454","6"
,,,,,,,,,,,,,,,,,,,,,,"3819811083431843315","7110093853","2026-01-28T05:11:38.000Z","2698","94.433","122","7"
"uberpartner",,,,,,,,,,,,,,,,,,,,,,"3796273838309720626","24899333500","2025-12-26T17:47:31.000Z","23471","27.377","1937","10"
"EcovacsPartner","ECOVACS","DEEBOTX11","CLEANING","HACK",,,,,,,,,,,,,,,,,,"3807906819927634732","24899333500","2026-01-11T19:00:11.000Z","0","38.336","1815","9"
,,,,,,,,,,,,,,,,,,,,,,"3804281067004907160","24899333500","2026-01-06T18:56:34.000Z","50541","23.406","5329","73"
,,,,,,,,,,,,,,,,,,,,,,"3819865245897122631","7110093853","2026-01-28T06:57:28.000Z","664","10.517","37","0"
"luxury",,,,,,,,,,,,,,,,,,,,,,"3799851978181089414","24899333500","2025-12-31T16:19:11.000Z","0","42.678","89408","349"
"workout","gym","fitness","bodybuilding","health",,,,,,,,,,,,,,,,,,"3819799890772161509","7110093853","2026-01-28T04:48:08.000Z","18896","18.766","1908","22"
"fashion",,,,,,,,,,,,,,,,,,,,,,"3803506637844106972","24899333500","2026-01-05T17:16:46.000Z","65814","20.039","5102","78"
,,,,,,,,,,,,,,,,,,,,,,"3801354934927082428","1102055088","2026-01-02T18:04:59.000Z","0","26.066","167033","877"
"fitness","gym","workout",,,,,,,,,,,,,,,,,,,,"3805575624312839464","1102055088","2026-01-08T13:47:47.000Z","797465","15.415","106100","518"
"gym","workout","fitness","protein",,,,,,,,,,,,,,,,,,,"3128602712871393022","1102055088","2023-06-19T12:43:53.000Z","55569174","24.466","7616960","47934"
,,,,,,,,,,,,,,,,,,,,,,"3812909263438581195","2107737265","2026-01-18T16:37:20.000Z","0","67.617","15466","167"
"workout","gym","fitness","bodybuilding","health",,,,,,,,,,,,,,,,,,"3819805464130323370","7110093853","2026-01-28T04:59:55.000Z","0","106.7","87","1"
,,,,,,,,,,,,,,,,,,,,,,"3810772018707136178","1102055088","2026-01-15T17:51:48.000Z","0","32.633","135806","1068"
,,,,,,,,,,,,,,,,,,,,,,"3816567973465894268","1102055088","2026-01-23T17:46:51.000Z","655534","31.7","70045","331"
,,,,,,,,,,,,,,,,,,,,,,"3796998658323978788","1102055088","2025-12-27T17:47:53.000Z","3106634","26.266","557165","4228"
,,,,,,,,,,,,,,,,,,,,,,"3816505895191128915","2107737265","2026-01-23T15:43:48.000Z","56820","40.4","9686","42"
,,,,,,,,,,,,,,,,,,,,,,"3815835102778313759","2107737265","2026-01-22T17:31:19.000Z","0","44.165","13625","677"
,,,,,,,,,,,,,,,,,,,,,,"3819864498069443481","7110093853","2026-01-28T06:56:10.000Z","0","6.059","107","2"
"gym","workout","fitness",,,,,,,,,,,,,,,,,,,,"3158287342377418663","1102055088","2023-07-30T11:43:30.000Z","0","12.333","5981729","31093"
,,,,,,,,,,,,,,,,,,,,,,"3815200925833945227","2107737265","2026-01-21T20:30:45.000Z","162050","13.346","23612","87"
,,,,,,,,,,,,,,,,,,,,,,"3816553274485340343","2107737265","2026-01-23T17:17:15.000Z","97110","10.402","13036","71"
,,,,,,,,,,,,,,,,,,,,,,"3813805217708604761","2107737265","2026-01-19T22:18:28.000Z","0","11.4","16636","78"
"gym","gymmotivation","mindset","motivation","fitness","fitnessmotivation","quotes","believeinyourself","inspiration","relatable",,,,,,,,,,,,,"3753291372284812537","6757049171","2025-10-28T10:27:20.000Z","14614","11.966","4357","66"
,,,,,,,,,,,,,,,,,,,,,,"3772993631813731589","40360206912","2025-11-24T14:57:23.000Z","124294","51.833","16480","253"
"gym","god","godsplan","gymmotivation","motivation","fitnessmotivation","fitness","relatable","dontgiveup","quotes","mindset","inspiration",,,,,,,,,,,"3749684338146653547","6757049171","2025-10-23T11:00:48.000Z","88099","11","30727","143"
,,,,,,,,,,,,,,,,,,,,,,"3797704262487622782","24899333500","2025-12-28T17:09:10.000Z","74786","49.9","6901","157"
,,,,,,,,,,,,,,,,,,,,,,"3143416642910246896","44755953","2023-07-09T23:19:53.000Z","3169772","16.033","497761","1244"
,,,,,,,,,,,,,,,,,,,,,,"3815140458557725652","2107737265","2026-01-21T18:30:18.000Z","47422","10.133","13044","79"
"gym","gymmotivation","motivation","quotes","relatable","mindset","strong","fitness","fitnessmotivation","inspiration",,,,,,,,,,,,,"3774320081376539017","6757049171","2025-11-26T10:48:22.000Z","0","10.5","20298","101"
"sales","salestips","salescoach","salestrainer","salestraining",,,,,,,,,,,,,,,,,,"3813099237214792114","388483252","2026-01-18T22:54:52.000Z","371380","9.133","13027","204"
,,,,,,,,,,,,,,,,,,,,,,"3153487481176236017","44755953","2023-07-23T20:46:08.000Z","1589505","15","246526","521"
,,,,,,,,,,,,,,,,,,,,,,"3157979601666045747","44755953","2023-07-30T01:36:22.000Z","4243194","23.366","540868","1599"
"gym","gymmotivation","quotes","motivation","fitness","fitnessmotivation","relatable","ready","mindset","inspiration",,,,,,,,,,,,,"3766370076753892274","6757049171","2025-11-15T11:37:05.000Z","30299","12.91","9910","64"
"gym","gymmotivation","motivation","fitness","fitnessmotivation","bodybuilding","workout","workoutmotivation","pain",,,,,,,,,,,,,,"3759131549930588276","6757049171","2025-11-05T11:52:28.000Z","4890","21.066","956","42"
"gym","gymmotivation","motivation","comback","fitness","fitnessmotivation","relatable","mindset","quotes","inspiration",,,,,,,,,,,,,"3754801313143272242","6757049171","2025-10-30T12:27:44.000Z","128567","11.066","36301","84"
"gym","gymmotivation","pain","motivation","mindset","fitness","fitnessmotivation","quotes","inspiration",,,,,,,,,,,,,,"3764162268293705172","6757049171","2025-11-12T10:50:45.000Z","16080","15.742","5179","69"
"fitness","fitnessmotivation","asthetic","physique","bodybuiding","gym","motivation","bodybuilder","explorepage","workout","workoutmotivation","weightlifting","powerlifting",,,,,,,,,,"3580994280245653648","207737687","2025-03-04T17:04:01.000Z","0","9.566","2459","23"
,,,,,,,,,,,,,,,,,,,,,,"3086725834538229791","44755953","2023-04-22T18:18:00.000Z","0","45.666","144004","398"
"godsplan","god","gym","gymmotivation","motivation","fitness","fitnessmotivation","relatable","mindset","quotes","faith","inspiration","mentalhealth",,,,,,,,,,"3757704428062462936","6757049171","2025-11-03T12:36:31.000Z","0","15.266","4498","49"
"fitness","fitnessmotivation","asthetic","physique","bodybuiding","gym","motivation","health","life","lifestyle","gymlife","fit","transformation","dedication","viral","reels","lifting","fitnessgoals","workoutmotivation","gymmotivation","explore","explorepage","3575225115438197570","207737687","2025-02-24T18:01:51.000Z","0","8.666","2787","34"
"americanfootball","gym","getbettertoday","trackandfield","track","widereciever","fyp","trend","performance","bench","weightlifting",,,,,,,,,,,,"3809971113548096022","61516177636","2026-01-14T15:24:14.000Z","2675","77.166","217","3"
"gym","aesthetics","fitness","workout","bodybuilding","motivation","health","dedication","gymmotivation","gymlife","muscle","mindset","leanmuscle","leangains","shredded","transformation","roadtopro","competition","natural","gymreels","reels",,"3434541797827968598","207737687","2024-08-14T15:29:25.000Z","0","11.4","8510","80"
"gym","aesthetics","fitness","workout","gains","healthylifestyle","health","bodybuilding","motivation","dedication","gymmotivation","gymlife","competition","trusttheprocess","muscle","mindset","leangains","shredded","legday","transformation","roadtonpc","roadtoifbbpro","3587516476200278518","207737687","2025-03-13T17:03:17.000Z","32063","8.6","7522","47"
,,,,,,,,,,,,,,,,,,,,,,"3181713695942493780","44755953","2023-08-31T19:28:01.000Z","0","33.333","450682","1987"
"athlete","football","performance","herniateddisc","collegefootball",,,,,,,,,,,,,,,,,,"3809891881409361145","4032801691","2026-01-14T12:43:06.000Z","0","22.615","163","16"
"mealprep","fitness","protein","workout","bodybuilding","noeldeyzel","motivation",,,,,,,,,,,,,,,,"3255540782491227954","1102055088","2023-12-11T16:10:00.000Z","0","34.868","1329267","11873"
"sales","money","lifeinsurance",,,,,,,,,,,,,,,,,,,,"3813097074599255661","18263372335","2026-01-18T22:51:00.000Z","1553210","11.587","65302","712"
"gym","aesthetics","fitness","workout","bodybuilding","motivation","health","dedication","gymmotivation","gymlife","muscle","mindset","leanmuscle","leangains","shredded","transformation","roadtopro","competition","natural","gymreels","reels",,"3554196174359327495","207737687","2025-01-26T17:41:43.000Z","31112","7.866","8626","85"
"fitness","fitnessmotivation","asthetic","physique","bodybuiding","gym","motivation","bodybuilder","explorepage","workout","workoutmotivation","weightlifting","powerlifting",,,,,,,,,,"3591136196874249649","207737687","2025-03-18T17:02:36.000Z","25523","8.6","7129","66"
,,,,,,,,,,,,,,,,,,,,,,"3820170084942446895","1102055088","2026-01-28T17:04:25.000Z","27947","29.9","1875","45"
,,,,,,,,,,,,,,,,,,,,,,"3195355975383908920","44755953","2023-09-19T15:11:05.000Z","0","25.4","1200561","3284"
"desksetup",,,,,,,,,,,,,,,,,,,,,,"3802034230202094480","24899333500","2026-01-03T16:30:00.000Z","53636","55.402","6251","44"
,,,,,,,,,,,,,,,,,,,,,,"3180962684899204858","44755953","2023-08-30T18:35:27.000Z","9441996","10.233","849188","4463"
"americanfootball","gym","getbettertoday","trackandfield","track","widereciever","fyp","performance","trend","speed","weightlifting",,,,,,,,,,,,"3813496428819969292","61516177636","2026-01-19T12:20:44.000Z","1663","54.705","179","20"
,,,,,,,,,,,,,,,,,,,,,,"3455036086352407644","1203523550","2024-09-11T22:08:11.000Z","213944","14.948","44876","142"
"gym","gymmotivation","17","17yearsold","zyzz","zyzzmotivation","workout","workoutmotivation",,,,,,,,,,,,,,,"3407977341467876690","47835746976","2024-07-08T23:50:01.000Z","10432791","15.989","668023","23383"
"americanfootball","gym","getbettertoday","trackandfield","track","widereciever","fyp","trend","performance","weightlifting","powerclean",,,,,,,,,,,,"3814141583314913976","61516177636","2026-01-20T09:31:35.000Z","4065","56.84","525","11"
,,,,,,,,,,,,,,,,,,,,,,"3544963435664383659","1203523550","2025-01-14T00:01:48.000Z","208930","12.133","25022","140"
,,,,,,,,,,,,,,,,,,,,,,"3453662244106334971","1203523550","2024-09-10T00:38:16.000Z","98752","13.779","22414","81"
"1","americanfootball","gym","getbettertoday","trackandfield","track","widereciever","fyp","trend","performance","weightlifting",,,,,,,,,,,,"3812051897847124840","61516177636","2026-01-17T12:16:25.000Z","12297","12.633","1117","16"
,,,,,,,,,,,,,,,,,,,,,,"3493457360492831744","1203523550","2024-11-03T22:31:02.000Z","65717","12.533","15731","70"
,,,,,,,,,,,,,,,,,,,,,,"3489837895385535717","1203523550","2024-10-29T22:34:13.000Z","0","80.647","22207","67"
,,,,,,,,,,,,,,,,,,,,,,"3630440376080781602","1203523550","2025-05-11T22:25:06.000Z","0","15","33874","103"
"americanfootball","gym","getbettertoday","trackandfield","track","widereciever","fyp","trend","performance","weightlifting",,,,,,,,,,,,,"3810595642569972215","61516177636","2026-01-15T12:03:47.000Z","2703","35","244","3"
,,,,,,,,,,,,,,,,,,,,,,"3618823491748797249","1203523550","2025-04-25T21:47:09.000Z","92584","100.1","18707","68"
,,,,,,,,,,,,,,,,,,,,,,"3813019417697854082","553762135","2026-01-18T20:18:17.000Z","0","13.072","19491","114"
,,,,,,,,,,,,,,,,,,,,,,"3814988647032987357","553762135","2026-01-21T13:29:35.000Z","0","37.012","25854","163"
,,,,,,,,,,,,,,,,,,,,,,"3815214688184142011","40360206912","2026-01-21T20:59:42.000Z","0","54.3","208369","3038"
"gym","motivation","gymmotivation","mindset","keepfighting","relatable","fitness","fitnessmotivation","quotes","reel","inspiration",,,,,,,,,,,,"3784490390624873132","6757049171","2025-12-10T11:34:59.000Z","2489","13.266","1658","45"
,,,,,,,,,,,,,,,,,,,,,,"3812387793214079376","47835746976","2026-01-17T23:21:57.000Z","75371","7.866","-1","136"
,,,,,,,,,,,,,,,,,,,,,,"3483811068922812250","553762135","2024-10-21T15:02:58.000Z","16701642","20.433","2863668","14613"
,,,,,,,,,,,,,,,,,,,,,,"3201827523809097809","553762135","2023-09-28T13:31:36.000Z","10211952","18.833","1043352","3270"
,,,,,,,,,,,,,,,,,,,,,,"3819581749248954038","553762135","2026-01-27T21:35:18.000Z","55163","11.6","7891","54"
,,,,,,,,,,,,,,,,,,,,,,"3814913558883132681","553762135","2026-01-21T11:01:53.000Z","162","49.411","26","3"
,,,,,,,,,,,,,,,,,,,,,,"3820061346050620818","553762135","2026-01-28T13:27:42.000Z","0","76.3","9619","130"
,,,,,,,,,,,,,,,,,,,,,,"3817981248300394480","553762135","2026-01-25T16:36:03.000Z","483635","30.14","32416","236"
"americanfootball","gym","getbettertoday","trackandfield","track","widereciever","fyp","trend","performance","weightlifting",,,,,,,,,,,,,"3811393011653846717","61516177636","2026-01-16T14:29:36.000Z","2686","71.609","259","2"
,,,,,,,,,,,,,,,,,,,,,,"3459374054541101313","1203523550","2024-09-17T21:51:55.000Z","0","18.951","19836","78"
"fitness","gym","backday","backworkout","workout","fitnesstips",,,,,,,,,,,,,,,,,"3318803535420007933","1203523550","2024-03-07T23:00:16.000Z","0","65.398","41912","103"
,,,,,,,,,,,,,,,,,,,,,,"3811673370342168547","47835746976","2026-01-16T23:42:06.000Z","80089","7.833","2166","104"
"gymshark","bodybuilding","fitnessmotivation",,,,,,,,,,,,,,,,,,,,"3316754106733210953","1203523550","2024-03-05T03:11:44.000Z","16986","66.299","3305","27"
,,,,,,,,,,,,,,,,,,,,,,"3746324221954957517","40360206912","2025-10-18T19:45:53.000Z","197825","37.9","30575","486"
,,,,,,,,,,,,,,,,,,,,,,"3745564395457030893","40360206912","2025-10-17T18:36:50.000Z","0","36.333","167697","2200"
"fitness","fitnesstips","workout","legday","legworkout",,,,,,,,,,,,,,,,,,"3331095821663218980","1203523550","2024-03-24T22:02:10.000Z","97978","121.154","14601","56"
"bulking","gym",,,,,,,,,,,,,,,,,,,,,"3809056927125201898","771198260","2026-01-13T09:03:45.000Z","0","13.6","4177","92"
"fitness","gym","cinematic","gymshark",,,,,,,,,,,,,,,,,,,"3326081942424000956","1203523550","2024-03-18T00:00:25.000Z","0","51.818","13782","91"
"fitness","gym","gymshark","natty","bodybuilding",,,,,,,,,,,,,,,,,,"3335559935043527544","1203523550","2024-03-31T01:50:32.000Z","79840","12.548","19348","48"
"reels","foryou","motivation","fitness","gym",,,,,,,,,,,,,,,,,,"3819415286919617716","59465170423","2026-01-27T16:03:49.000Z","0","34.84","2","0"
"fitness","gym","fitnessmotivation","gymshark","bodybuilding",,,,,,,,,,,,,,,,,,"3329687823296345506","1203523550","2024-03-22T23:26:09.000Z","751160","12.245","127314","536"
"fitness","gymshark","gym","fitnessmotivation",,,,,,,,,,,,,,,,,,,"3310518950691608091","1203523550","2024-02-25T12:47:08.000Z","107753","20.853","21806","81"
"fitness","gym","bodybuilding",,,,,,,,,,,,,,,,,,,,"3332724129247732614","1203523550","2024-03-27T03:58:29.000Z","394600","15.014","85261","164"
,,,,,,,,,,,,,,,,,,,,,,"3722997546588645969","40360206912","2025-09-16T15:20:05.000Z","329380","24.9","45858","725"
,,,,,,,,,,,,,,,,,,,,,,"3703429587922303854","40360206912","2025-08-20T15:25:10.000Z","429114","47.666","57953","801"
,,,,,,,,,,,,,,,,,,,,,,"3709956343390566525","40360206912","2025-08-29T15:36:32.000Z","0","44.033","235624","4955"
"gym","fitness",,,,,,,,,,,,,,,,,,,,,"3798417881454150095","49575399710","2025-12-29T16:48:29.000Z","0","31.51","5539","33"
,,,,,,,,,,,,,,,,,,,,,,"3730221674994357158","40360206912","2025-09-26T14:32:21.000Z","0","27.166","7048","71"
"gym","fitness",,,,,,,,,,,,,,,,,,,,,"3796999166028226518","49575399710","2025-12-27T17:48:18.000Z","13097","14.442","1381","42"
,,,,,,,,,,,,,,,,,,,,,,"3733183037556483369","40360206912","2025-09-30T16:36:45.000Z","0","21.666","42350","731"
,,,,,,,,,,,,,,,,,,,,,,"3714246176371958646","40360206912","2025-09-04T13:35:23.000Z","154123","30.566","12823","108"
"gym","fitness",,,,,,,,,,,,,,,,,,,,,"3794143186227546318","49575399710","2025-12-23T19:12:52.000Z","10515","13","1098","37"
,,,,,,,,,,,,,,,,,,,,,,"3712866863496071657","40360206912","2025-09-02T15:51:47.000Z","212991","38.2","32466","452"
,,,,,,,,,,,,,,,,,,,,,,"3817305495670191741","6722367163","2026-01-24T18:12:13.000Z","0","8.717","32238","332"
"gym","workout",,,,,,,,,,,,,,,,,,,,,"3787830215419227877","1102055088","2025-12-15T02:09:58.000Z","119449","9.766","14636","81"
"reels","foryou","motivation","fitnessmotivation","mentality",,,,,,,,,,,,,,,,,,"3817997486582069815","59465170423","2026-01-25T17:07:07.000Z","8026","20","399","0"
"fitness","gym","workout","diet",,,,,,,,,,,,,,,,,,,"3791860523365955866","1102055088","2025-12-20T15:39:52.000Z","1056004","38","129873","1027"
,,,,,,,,,,,,,,,,,,,,,,"3816540130048405010","59465170423","2026-01-23T16:55:16.000Z","109305","25","10932","164"
,,,,,,,,,,,,,,,,,,,,,,"3818183146526059103","6722367163","2026-01-25T23:15:29.000Z","27781","6.966","4307","20"
,,,,,,,,,,,,,,,,,,,,,,"3777802438410315690","1102055088","2025-12-01T06:06:36.000Z","0","17.2","1626493","5869"
"reels","explore","relatable","explorepage","reelsinstagram",,,,,,,,,,,,,,,,,,"3818013422303431748","6722367163","2026-01-25T17:38:27.000Z","41258","12.19","7278","52"
,,,,,,,,,,,,,,,,,,,,,,"3816437495572132576","59465170423","2026-01-23T13:30:27.000Z","46352","47.6","1233","4"
"mentalhealth","mensmentalhealth",,,,,,,,,,,,,,,,,,,,,"3781802452643330549","1102055088","2025-12-06T18:35:14.000Z","1350","23.5","102","5"
,,,,,,,,,,,,,,,,,,,,,,"3816436944381837414","59465170423","2026-01-23T13:26:57.000Z","0","40.44","1","0"
,,,,,,,,,,,,,,,,,,,,,,"3793725099984364289","1102055088","2025-12-23T05:22:08.000Z","3579123","30.933","488571","3678"
,,,,,,,,,,,,,,,,,,,,,,"3818062055342154539","6722367163","2026-01-25T19:15:07.000Z","32598","155.41","828","31"
,,,,,,,,,,,,,,,,,,,,,,"3722217677314386190","40360206912","2025-09-15T13:32:19.000Z","225173","34.9","17778","216"
"relatable","gymmotivation","workout",,,,,,,,,,,,,,,,,,,,"3818218452214165923","6722367163","2026-01-26T00:25:51.000Z","1475","22.129","100","1"
"workout","relatable","fitness","gym","motivation",,,,,,,,,,,,,,,,,,"3818217388974900309","6722367163","2026-01-26T00:24:08.000Z","0","22.129","7144","44"
,,,,,,,,,,,,,,,,,,,,,,"3816436393669700503","59465170423","2026-01-23T13:25:35.000Z","0","25","1064","7"
"mentalhealth","mensmentalhealth",,,,,,,,,,,,,,,,,,,,,"3781804086542857003","1102055088","2025-12-06T18:37:27.000Z","545516","23.5","80767","765"
,,,,,,,,,,,,,,,,,,,,,,"3817306409583845470","6722367163","2026-01-24T18:13:34.000Z","3892","6.8","469","4"
"reels","motivation","fitnessmotivation","training","abs",,,,,,,,,,,,,,,,,,"3818579386912353672","59465170423","2026-01-26T12:23:14.000Z","1160","16.6","68","1"
,,,,,,,,,,,,,,,,,,,,,,"3793723559500419185","1102055088","2025-12-23T05:19:24.000Z","0","30.933","11595","82"
,,,,,,,,,,,,,,,,,,,,,,"3816450653154300792","6722367163","2026-01-23T13:54:01.000Z","54483","18.041","8183","96"
,,,,,,,,,,,,,,,,,,,,,,"3816440499197099024","59465170423","2026-01-23T13:33:50.000Z","71","39.44","2","0"
,,,,,,,,,,,,,,,,,,,,,,"3796528200340506404","49575399710","2025-12-27T02:11:29.000Z","3425","129.033","68","7"
"mealprep","protein","fitness",,,,,,,,,,,,,,,,,,,,"3776635637714716536","1102055088","2025-11-29T15:28:28.000Z","439771","18.685","34512","166"
,,,,,,,,,,,,,,,,,,,,,,"3808626282557593380","47835746976","2026-01-12T18:48:06.000Z","76865","10.541","5144","185"
"gym","fitness",,,,,,,,,,,,,,,,,,,,,"3800751427254420273","49575399710","2026-01-01T22:04:28.000Z","10046","12.033","748","21"
"gym","gymmotivation","theanswer","quotes","fitnessmotivation","fitness","relatable","mindset","motivation","gymlife","gymrat","inspiration",,,,,,,,,,,"3743886652113889261","6757049171","2025-10-15T11:01:49.000Z","316934","18.366","83318","259"
,,,,,,,,,,,,,,,,,,,,,,"3806628974135546595","47835746976","2026-01-10T00:39:45.000Z","106282","5.6","2425","178"
"gym","fitness",,,,,,,,,,,,,,,,,,,,,"3802220889245680976","49575399710","2026-01-03T22:42:08.000Z","5286","31.95","968","37"
,,,,,,,,,,,,,,,,,,,,,,"3807976461379249368","47835746976","2026-01-11T21:16:57.000Z","0","10.541","91860","1784"
"legday",,,,,,,,,,,,,,,,,,,,,,"3805342083368724016","771198260","2026-01-08T06:03:38.000Z","59282","54.6","7795","43"
"gym","pain","strength","gymmotivation","fitness","fitnessmotivation","bodybuilding","workout","motivation","reel",,,,,,,,,,,,,"3748257806207364522","6757049171","2025-10-21T11:48:28.000Z","4096","14.9","953","40"
"bodybuilding","gym","gymmotivation","fitness","fitnessmotivation","motivation","reel","physique","abs",,,,,,,,,,,,,,"3745341449216143322","6757049171","2025-10-17T11:13:34.000Z","5045","12.066","1006","47"
"fulldayofeating","whatieat","whatieatinaday",,,,,,,,,,,,,,,,,,,,"3804034433884471112","771198260","2026-01-06T10:45:29.000Z","0","75.837","7306","85"
"calorietracking","macrocounting","foodtracker","howtocountcalories",,,,,,,,,,,,,,,,,,,"3807307608588544597","47835746976","2026-01-10T23:09:18.000Z","0","28.966","-1","25"
,,,,,,,,,,,,,,,,,,,,,,"3808959670450702453","47835746976","2026-01-13T05:50:28.000Z","24521","8.366","345","61"
"gymtips","gym","trainingplan",,,,,,,,,,,,,,,,,,,,"3802536142252381584","771198260","2026-01-04T09:08:58.000Z","0","64.97","13582","103"
,,,,,,,,,,,,,,,,,,,,,,"3804706256905119034","771198260","2026-01-07T08:59:51.000Z","76067","19.1","9816","86"
,,,,,,,,,,,,,,,,,,,,,,"3810104399117624059","47835746976","2026-01-14T19:45:03.000Z","26233","22.7","864","48"
"upperbodyworkout","gym",,,,,,,,,,,,,,,,,,,,,"3803295160038181520","771198260","2026-01-05T10:16:30.000Z","38465","58.933","5304","42"
"gym","gymmotivation",,,,,,,,,,,,,,,,,,,,,"3806116874405126379","771198260","2026-01-09T07:42:16.000Z","24906","14.536","2869","36"
,,,,,,,,,,,,,,,,,,,,,,"3801735608071165111","771198260","2026-01-03T06:37:33.000Z","119540","16.733","13142","87"
"reels","foryou","motivation","fitnessmotivation","mentality",,,,,,,,,,,,,,,,,,"3817240110211937292","59465170423","2026-01-24T16:02:38.000Z","0","20.453","35481","78"
,,,,,,,,,,,,,,,,,,,,,,"3797034672623570444","256788021","2025-12-27T18:59:20.000Z","154010","24.207","15458","149"
,,,,,,,,,,,,,,,,,,,,,,"3799845874303047436","256788021","2025-12-31T16:09:03.000Z","305954","51.885","22705","176"
,,,,,,,,,,,,,,,,,,,,,,"3801393094068344673","256788021","2026-01-02T19:18:10.000Z","0","52.427","20433","106"
,,,,,,,,,,,,,,,,,,,,,,"2895112586158277316","44755953","2022-08-01T09:01:24.000Z","0","37.066","159230","580"
"giftguide",,,,,,,,,,,,,,,,,,,,,,"3779566162687289473","24899333500","2025-12-03T15:26:19.000Z","51352","57.028","3358","33"
"quarterzip",,,,,,,,,,,,,,,,,,,,,,"3781809909981625379","24899333500","2025-12-06T18:49:25.000Z","0","23.986","8532","98"
"lenovopartner","IntelHolidayseason","IntelCoreUltra",,,,,,,,,,,,,,,,,,,,"3780289421413800125","24899333500","2025-12-04T16:29:27.000Z","111578","41.308","2527","27"
,,,,,,,,,,,,,,,,,,,,,,"3808750815637667656","47835746976","2026-01-12T22:55:27.000Z","170634","8.366","-1","219"
,,,,,,,,,,,,,,,,,,,,,,"3802038305941442932","49575399710","2026-01-03T16:38:46.000Z","4102","14.4","189","7"
,,,,,,,,,,,,,,,,,,,,,,"3807884466090861667","256788021","2026-01-11T18:19:54.000Z","394281","31.031","29322","147"
,,,,,,,,,,,,,,,,,,,,,,"2927190761360741591","44755953","2022-09-14T15:14:00.000Z","1799628","23.233","235182","701"
"m3","g80",,,,,,,,,,,,,,,,,,,,,"3786063960458698727","24899333500","2025-12-12T15:40:30.000Z","57440","36.038","6650","72"
,,,,,,,,,,,,,,,,,,,,,,"3806391957279846715","256788021","2026-01-09T17:03:45.000Z","524472","26.151","49202","167"
,,,,,,,,,,,,,,,,,,,,,,"3807904597088874881","47835746976","2026-01-11T18:54:03.000Z","0","11.6","1","0"
"bloomin8partner","Bloomin8","EInkCanvas","pictureframe","eink","homedecor",,,,,,,,,,,,,,,,,"3782494807537986853","24899333500","2025-12-07T17:30:26.000Z","13483","31.253","1170","22"
,,,,,,,,,,,,,,,,,,,,,,"3044785442854917422","44755953","2023-02-23T21:16:26.000Z","812442","29.933","118129","326"
,,,,,,,,,,,,,,,,,,,,,,"2906163041848035076","44755953","2022-08-16T15:08:20.000Z","823590","60.066","131384","421"
,,,,,,,,,,,,,,,,,,,,,,"3810009750428354519","256788021","2026-01-14T16:39:13.000Z","0","104.979","63788","381"
,,,,,,,,,,,,,,,,,,,,,,"3811473201495659844","256788021","2026-01-16T17:07:30.000Z","43814872","64.105","6604196","25068"
,,,,,,,,,,,,,,,,,,,,,,"2781657393294779351","44755953","2022-02-25T20:05:01.000Z","1612149","37.866","164873","735"
,,,,,,,,,,,,,,,,,,,,,,"3807269784883550718","47835746976","2026-01-10T21:52:46.000Z","3071","11.966","21","10"
,,,,,,,,,,,,,,,,,,,,,,"2973620511648903124","44755953","2022-11-17T16:40:53.000Z","1166135","23.9","266670","768"
"wheyprotein","fitnesstips",,,,,,,,,,,,,,,,,,,,,"3804546063306640349","5866851013","2026-01-07T03:43:20.000Z","0","49.04","133","6"
"arms","armworkout","armday","bicepworkout","tricepworkout",,,,,,,,,,,,,,,,,,"3802032071744975821","5866851013","2026-01-03T16:39:02.000Z","0","6.64","1846","16"
"motivation","newyearmotivation","mondaymotivation","mondaymorningmotivation","mambamentality",,,,,,,,,,,,,,,,,,"3803493681663601792","5866851013","2026-01-05T16:54:26.000Z","7202","11.266","1323","14"
,,,,,,,,,,,,,,,,,,,,,,"3819694897628837672","48687653855","2026-01-28T01:19:24.000Z","0","56.066","2913","24"
,,,,,,,,,,,,,,,,,,,,,,"3803806444680146818","5866851013","2026-01-06T03:12:15.000Z","4394","63.855","335","8"
"gym","aesthetics","fitness","workout","bodybuilding","motivation","health","dedication","gymmotivation","gymlife","muscle","mindset","leanmuscle","leangains","shredded","transformation","roadtopro","competition","natural","gymreels","reels",,"3412085122898641446","207737687","2024-07-14T15:53:33.000Z","0","10.333","50193","312"
"americanfootball","gym","getbettertoday","trackandfield","track","widereciever","fyp","trend","performance",,,,,,,,,,,,,,"3804199481936220174","61516177636","2026-01-06T16:15:49.000Z","14633","19.633","941","17"
"fitness","explorepage","gains","aesthetics","gym","bodybuilding","gymmotivation","workout",,,,,,,,,,,,,,,"3806663631643936938","48687653855","2026-01-10T01:49:01.000Z","2071","18.4","55","0"
"americanfootball","gym","getbettertoday","trackandfield","track","widereciever","fyp","trend","performance","weightlifting","powerclean",,,,,,,,,,,,"3802608993663769583","61516177636","2026-01-04T11:33:50.000Z","0","10.2","6232","40"
,,,,,,,,,,,,,,,,,,,,,,"3813132413975486879","48687653855","2026-01-19T00:01:43.000Z","0","18.633","2944","12"
,,,,,,,,,,,,,,,,,,,,,,"3813904232265393926","48687653855","2026-01-20T01:35:02.000Z","12385","12.333","4002","29"
,,,,,,,,,,,,,,,,,,,,,,"3812385048519885914","48687653855","2026-01-17T23:17:53.000Z","0","57.033","6881","34"
"fitnesstips",,,,,,,,,,,,,,,,,,,,,,"3802257828823965264","5866851013","2026-01-03T23:56:20.000Z","0","43.816","258","4"
,,,,,,,,,,,,,,,,,,,,,,"3817554842428995124","48687653855","2026-01-25T02:28:11.000Z","0","46.866","3046","15"
,,,,,,,,,,,,,,,,,,,,,,"3804274724587896279","5866851013","2026-01-06T18:42:24.000Z","3325","10.31","-1","6"
"gym","aesthetics","fitness","workout","bodybuilding","motivation","health","dedication","gymmotivation","gymlife","muscle","mindset","leanmuscle","leangains","shredded","transformation","roadtopro","competition","natural","gymreels","reels",,"3402653257232889152","207737687","2024-07-01T15:32:11.000Z","0","10.433","22551","220"
"americanfootball","gym","getbettertoday","trackandfield","track","widereciever","fyp","trend","performance","weightlifting",,,,,,,,,,,,,"3803365057384448348","61516177636","2026-01-05T12:37:12.000Z","95743","42.77","7279","70"
"abs","sixpack",,,,,,,,,,,,,,,,,,,,,"3802867790559506824","5866851013","2026-01-04T20:09:40.000Z","0","48.933","-1","8"
"fitness","explorepage","gains","aesthetics","gym","bodybuilding","gymmotivation","workout",,,,,,,,,,,,,,,"3803763159119554079","48687653855","2026-01-06T01:47:15.000Z","0","14.8","3489","32"
"gym","aesthetics","fitness","workout","bodybuilding","motivation","health","dedication","gymmotivation","gymlife","muscle","mindset","leanmuscle","leangains","shredded","transformation","roadtopro","competition","natural","gymreels","reels",,"3412796445281199368","207737687","2024-07-15T15:25:33.000Z","0","9.3","11647","122"
"gymrat","fitnessmotivation","fitnesscoach","trainingvolume",,,,,,,,,,,,,,,,,,,"3805825967159533062","5866851013","2026-01-08T22:07:26.000Z","4090","42.887","-1","7"
"fitness","explorepage","gains","aesthetics","gym","bodybuilding","gymmotivation","workout",,,,,,,,,,,,,,,"3808093770298789217","48687653855","2026-01-12T01:11:51.000Z","0","24.166","1669","14"
"fitness","explorepage","gains","aesthetics","gym","bodybuilding","gymmotivation","workout",,,,,,,,,,,,,,,"3805199149952482207","48687653855","2026-01-08T01:19:32.000Z","14173","8.133","3920","29"
,,,,,,,,,,,,,,,,,,,,,,"3792655701169385501","24899333500","2025-12-21T17:57:45.000Z","0","31.835","3572","41"
"ad","lululemoncreator",,,,,,,,,,,,,,,,,,,,,"3791162423433603744","24899333500","2025-12-19T16:30:00.000Z","44332","51.99","3076","19"
"christmas",,,,,,,,,,,,,,,,,,,,,,"3789724634166405028","24899333500","2025-12-17T16:57:53.000Z","43521","57.4","4794","40"
"americanfootball","gym","getbettertoday","trackandfield","track","widereciever","fyp","trend","performance",,,,,,,,,,,,,,"3808413130544386278","61516177636","2026-01-12T11:48:09.000Z","3929","78.1","323","3"
"americanfootball","gym","getbettertoday","trackandfield","track","widereciever","fyp","trend","performance","weightlifting",,,,,,,,,,,,,"3806412461167893064","61516177636","2026-01-09T17:33:56.000Z","0","12.833","328","4"
,,,,,,,,,,,,,,,,,,,,,,"3811495763243766261","2107737265","2026-01-16T17:48:57.000Z","1316660","12.4","108539","474"
"americanfootball","gym","getbettertoday","trackandfield","track","widereciever","fyp","trend","performance","weightlifting",,,,,,,,,,,,,"3806981938137805708","61516177636","2026-01-10T12:23:55.000Z","2052","67.337","124","6"
,,,,,,,,,,,,,,,,,,,,,,"2934800245437942331","44755953","2022-09-25T03:37:49.000Z","1466735","40.833","212456","442"
,,,,,,,,,,,,,,,,,,,,,,"3809521592288782410","2107737265","2026-01-14T00:26:35.000Z","69443","45.047","10786","126"
"fitnessmodel","fitnessmotivation","chestworkout","armworkout",,,,,,,,,,,,,,,,,,,"3805087183870706170","5866851013","2026-01-07T21:37:06.000Z","7083","49.1","1007","19"
"fitness","fitnessmotivation","asthetic","physique","bodybuiding","gym","motivation","bodybuilder","explorepage","workout","workoutmotivation","weightlifting","powerlifting",,,,,,,,,,"3418648109675109358","207737687","2024-07-23T17:12:26.000Z","26871","8.266","7295","83"
"americanfootball","gym","getbettertoday","trackandfield","track","widereciever","fyp","trend","performance","weightlifting",,,,,,,,,,,,,"3814305930062355803","61516177636","2026-01-20T14:54:51.000Z","0","35.866","794","4"
,,,,,,,,,,,,,,,,,,,,,,"3810909229046107147","2107737265","2026-01-15T22:23:51.000Z","461192","67.9","33897","355"
,,,,,,,,,,,,,,,,,,,,,,"3810047937452259266","2107737265","2026-01-14T17:52:40.000Z","60983","17.1","13684","92"
,,,,,,,,,,,,,,,,,,,,,,"3807148502883616686","2107737265","2026-01-10T17:51:59.000Z","0","14.805","18657","168"
,,,,,,,,,,,,,,,,,,,,,,"3807896150532272866","2107737265","2026-01-11T18:37:07.000Z","264323","34.367","20277","170"
,,,,,,,,,,,,,,,,,,,,,,"3809295191828690033","2107737265","2026-01-13T16:56:54.000Z","0","15.833","18573","62"
,,,,,,,,,,,,,,,,,,,,,,"3347047223120018324","1203523550","2024-04-15T22:21:18.000Z","0","14.216","20047","129"
"skincare","mensgrooming",,,,,,,,,,,,,,,,,,,,,"3808550798314233018","24899333500","2026-01-12T16:18:24.000Z","39155","65.039","3914","35"
,,,,,,,,,,,,,,,,,,,,,,"3808629546204111275","2107737265","2026-01-12T18:55:08.000Z","135455","14.442","26061","95"
"americanfootball","gym","getbettertoday","trackandfield","track","widereciever","fyp","performance","weightlifting",,,,,,,,,,,,,,"3817139014096961510","61516177636","2026-01-24T12:45:06.000Z","7273","41.701","472","11"
"giftguide","grooming",,,,,,,,,,,,,,,,,,,,,"3788626188864442263","24899333500","2025-12-16T04:30:00.000Z","34375","33.669","3154","11"
"gym","gymmotivation","motivation","relatable","focus","silence","fitness","fitnessmotivation","mindset","gymrat","inspiration",,,,,,,,,,,,"3769252296413889306","6757049171","2025-11-19T10:59:33.000Z","0","11.215","17315","96"
"bmw","bmwlaser","m340i","g20","carmods",,,,,,,,,,,,,,,,,,"3543351091465440293","24899333500","2025-01-11T18:34:38.000Z","153895","32.531","23358","209"
"relatable","explore","reels","reelsinstagram",,,,,,,,,,,,,,,,,,,"3819534767415728939","6722367163","2026-01-27T20:01:27.000Z","0","11.006","6261","71"
,,,,,,,,,,,,,,,,,,,,,,"3157081973909116792","44755953","2023-07-28T19:59:12.000Z","1933444","11.866","235890","628"
,,,,,,,,,,,,,,,,,,,,,,"3808676706354273643","2107737265","2026-01-12T20:27:57.000Z","0","11.2","12513","171"
"fitness","explorepage","gains","aesthetics","gym","bodybuilding","gymmotivation","workout",,,,,,,,,,,,,,,"3797947861481110342","48687653855","2025-12-29T01:12:50.000Z","0","10.1","1388","7"
,,,,,,,,,,,,,,,,,,,,,,"3800127205573430334","5866851013","2026-01-01T01:23:03.000Z","0","109.333","-1","4"
"trendingaudioreels","trendingaudio","explorepage",,,,,,,,,,,,,,,,,,,,"3799190711568495379","5866851013","2025-12-30T18:21:14.000Z","0","6.2","-1","6"
"fitness","explorepage","gains","aesthetics","gym","bodybuilding","gymmotivation","workout",,,,,,,,,,,,,,,"3802980389829026040","48687653855","2026-01-04T23:51:40.000Z","3412359","7.9","527702","571"
"fitness","explorepage","gains","aesthetics","gym","bodybuilding","gymmotivation","workout",,,,,,,,,,,,,,,"3801546405475587199","48687653855","2026-01-03T00:24:03.000Z","0","4.2","5611","15"
"fitness","explorepage","gains","aesthetics","gym","bodybuilding","gymmotivation","workout",,,,,,,,,,,,,,,"3802974852836097608","48687653855","2026-01-04T23:41:18.000Z","23065","14.466","2271","16"
"weightlossjourney","fitnessmotivation","newyearnewme",,,,,,,,,,,,,,,,,,,,"3801371689066837777","5866851013","2026-01-02T18:37:38.000Z","2271","79.8","-1","18"
"teamgnc","gncpartner","fitness","explorepage","gains","aesthetics","gym","bodybuilding","gymmotivation","workout",,,,,,,,,,,,,"3777591222219677267","48687653855","2025-11-30T23:09:59.000Z","0","25.705","3359","14"
,,,,,,,,,,,,,,,,,,,,,,"3805858861711083903","47835746976","2026-01-08T23:09:58.000Z","0","21.566","21160","120"
"fitness","explorepage","gains","aesthetics","gym","bodybuilding","gymmotivation","workout","animalpartner","animalpak","iamanimal",,,,,,,,,,,,"3779120475851571399","48687653855","2025-12-03T01:45:24.000Z","29768","26.517","4282","26"
"fitness","explorepage","gains","aesthetics","gym","bodybuilding","gymmotivation","workout","physique",,,,,,,,,,,,,,"3785627930857147201","48687653855","2025-12-12T01:15:44.000Z","0","6.316","2412","12"
"americanfootball","gym","getbettertoday","trackandfield","track","widereciever","fyp","trend","performance",,,,,,,,,,,,,,"3799660414376652065","61516177636","2025-12-31T09:58:36.000Z","10795","23.543","573","9"
,,,,,,,,,,,,,,,,,,,,,,"3805145685730260304","47835746976","2026-01-07T23:32:57.000Z","285871","6.5","26121","151"
"outfit",,,,,,,,,,,,,,,,,,,,,,"3775970709777357696","24899333500","2025-11-28T17:34:56.000Z","35384","40.332","3853","35"
,,,,,,,,,,,,,,,,,,,,,,"3804412274765939972","47835746976","2026-01-06T23:15:44.000Z","0","11.726","-1","48"
"americanfootball","gym","getbettertoday","trackandfield","track","widereciever","fyp","trend","performance",,,,,,,,,,,,,,"3801959324646379019","61516177636","2026-01-03T14:04:26.000Z","3620","62.633","199","2"
"ultimateathlete","trainlikeapro","liftlikelander","speedstrengthpower","athletelife","fyp","trend","americanfootball","gym","getbettertoday","trackandfield","track","widereciever","performance",,,,,,,,,"3800479243843420242","61516177636","2026-01-01T15:37:23.000Z","6556","31.4","447","8"
,,,,,,,,,,,,,,,,,,,,,,"3785402876542690319","256788021","2025-12-11T17:50:23.000Z","988233","29.7","228706","432"
,,,,,,,,,,,,,,,,,,,,,,"3810119617855921885","553762135","2026-01-14T20:14:47.000Z","0","23.266","276","2"
,,,,,,,,,,,,,,,,,,,,,,"3790446677678191265","256788021","2025-12-18T16:49:46.000Z","205794","21.229","11144","158"
,,,,,,,,,,,,,,,,,,,,,,"3805715668205884001","553762135","2026-01-08T18:25:11.000Z","0","62.6","20862","185"
,,,,,,,,,,,,,,,,,,,,,,"3809740930446802349","553762135","2026-01-14T07:44:19.000Z","7910","21.666","758","6"
,,,,,,,,,,,,,,,,,,,,,,"3792608152190581056","256788021","2025-12-21T16:24:48.000Z","1850171","48.84","174631","958"
,,,,,,,,,,,,,,,,,,,,,,"3789751819019852547","256788021","2025-12-17T17:55:48.000Z","205293","55.013","15765","71"
,,,,,,,,,,,,,,,,,,,,,,"3807259921750985626","553762135","2026-01-10T21:34:05.000Z","124511","16.276","23748","163"
,,,,,,,,,,,,,,,,,,,,,,"3808059353048347747","553762135","2026-01-12T00:01:24.000Z","0","69.915","3267","25"
"ad",,,,,,,,,,,,,,,,,,,,,,"3775183480582910071","24899333500","2025-11-27T15:25:16.000Z","192864","39.961","17696","61"
,,,,,,,,,,,,,,,,,,,,,,"3796280986435649627","256788021","2025-12-26T18:01:13.000Z","0","9.592","8035","63"
,,,,,,,,,,,,,,,,,,,,,,"3781848722696165923","256788021","2025-12-06T20:06:05.000Z","118740","78.578","9313","180"
,,,,,,,,,,,,,,,,,,,,,,"3807101713115876919","2107737265","2026-01-10T16:19:10.000Z","338794","14.025","28654","260"
,,,,,,,,,,,,,,,,,,,,,,"3768440061919734222","32783217","2025-11-18T08:05:39.000Z","0","43.236","54","2"
,,,,,,,,,,,,,,,,,,,,,,"3810676781355897639","553762135","2026-01-15T14:42:01.000Z","0","72.516","2764","24"
"chestworkout","workout","fitnesstips","chestday","fitness",,,,,,,,,,,,,,,,,,"3304954103879035653","1203523550","2024-02-17T20:22:39.000Z","0","77.71","43497","142"
,,,,,,,,,,,,,,,,,,,,,,"3809309447680735731","553762135","2026-01-13T17:26:22.000Z","541520","82.71","62676","395"
,,,,,,,,,,,,,,,,,,,,,,"3772809125077165882","32783217","2025-11-24T08:47:16.000Z","2638","42.516","162","5"
,,,,,,,,,,,,,,,,,,,,,,"3753262048521345108","32783217","2025-10-28T09:29:11.000Z","0","41.866","57","3"
,,,,,,,,,,,,,,,,,,,,,,"3783674657233833891","2859916265","2025-12-09T08:34:53.000Z","0","50.34","-1","11"
,,,,,,,,,,,,,,,,,,,,,,"3790894705747872160","32783217","2025-12-19T07:38:29.000Z","1443","22.268","113","5"
,,,,,,,,,,,,,,,,,,,,,,"3809748567511483680","32783217","2026-01-14T07:57:48.000Z","823","16.601","85","13"
,,,,,,,,,,,,,,,,,,,,,,"3807142509869277358","553762135","2026-01-10T17:40:04.000Z","35789","64.342","3360","15"
"fitness","legworkout","legday","fitnesstips","gymshark","gym",,,,,,,,,,,,,,,,,"3301964819483994325","1203523550","2024-02-13T17:24:20.000Z","0","90.023","94037","252"
,,,,,,,,,,,,,,,,,,,,,,"3791181078221385799","256788021","2025-12-19T17:08:15.000Z","0","15.023","78875","756"
,,,,,,,,,,,,,,,,,,,,,,"2901195451375676696","44755953","2022-08-09T18:25:37.000Z","1355968","11.1","229765","794"
,,,,,,,,,,,,,,,,,,,,,,"2549476966262586426","44755953","2021-04-11T11:45:55.000Z","223046","60.033","42245","331"
,,,,,,,,,,,,,,,,,,,,,,"3791947783470170480","256788021","2025-12-20T18:34:22.000Z","135553","32.824","23589","414"
,,,,,,,,,,,,,,,,,,,,,,"2559139494311698666","44755953","2021-04-24T19:48:24.000Z","0","179.966","60639","272"
,,,,,,,,,,,,,,,,,,,,,,"2587624598792854001","44755953","2021-06-03T02:57:39.000Z","2095045","30","198770","1108"
,,,,,,,,,,,,,,,,,,,,,,"3778155890512709862","256788021","2025-12-01T17:53:47.000Z","355316","29.863","33247","158"
,,,,,,,,,,,,,,,,,,,,,,"3805811074730753135","2107737265","2026-01-08T21:35:29.000Z","60440","11.981","12987","76"
,,,,,,,,,,,,,,,,,,,,,,"3802266803091998115","49575399710","2026-01-04T00:12:49.000Z","0","12.033","107","0"
,,,,,,,,,,,,,,,,,,,,,,"3311108811108646536","32783217","2024-02-26T08:11:26.000Z","4109","52.466","153","11"
"americanfootball","gym","getbettertoday","trackandfield","track","widereciever","fyp","performance","weightlifting",,,,,,,,,,,,,,"3804738379863034484","61516177636","2026-01-07T10:11:22.000Z","3805","45.185","414","7"
"gym","aesthetics","fitness","workout","bodybuilding","motivation","health","dedication","gymmotivation","gymlife","muscle","mindset","leanmuscle","leangains","shredded","transformation","roadtopro","competition","natural","gymreels","reels",,"3438928509643003054","207737687","2024-08-20T16:45:17.000Z","0","11.1","4486","35"
"americanfootball","gym","getbettertoday","trackandfield","track","widereciever","fyp","trend","performance",,,,,,,,,,,,,,"3807672931065535122","61516177636","2026-01-11T11:24:42.000Z","6770","24.635","574","6"
"AmazonCA","SponsoredByGoogle",,,,,,,,,,,,,,,,,,,,,"3777402148523410367","24899333500","2025-11-30T16:52:52.000Z","0","34.296","5388","70"
"fitness","explorepage","gains","aesthetics","gym","bodybuilding","gymmotivation","workout",,,,,,,,,,,,,,,"3782015159758344059","48687653855","2025-12-07T01:36:49.000Z","0","8.766","1612","14"
,,,,,,,,,,,,,,,,,,,,,,"3224164997374991229","32783217","2023-10-29T09:08:20.000Z","0","10.5","76","8"
"sleeperbuild",,,,,,,,,,,,,,,,,,,,,,"3801067257707736210","771198260","2026-01-02T08:29:46.000Z","34874","17.033","3825","42"
,,,,,,,,,,,,,,,,,,,,,,"3707784103991497153","40360206912","2025-08-26T15:37:57.000Z","0","70.966","9455","113"
,,,,,,,,,,,,,,,,,,,,,,"3800575704623594524","256788021","2026-01-01T16:14:41.000Z","0","11.378","33250","176"
,,,,,,,,,,,,,,,,,,,,,,"3812017137871750947","553762135","2026-01-17T11:04:52.000Z","158196","9.706","23284","108"
,,,,,,,,,,,,,,,,,,,,,,"3807099901914990929","256788021","2026-01-10T16:19:59.000Z","0","91.466","84336","163"
,,,,,,,,,,,,,,,,,,,,,,"3497059333691635073","1203523550","2024-11-08T21:41:20.000Z","0","11.433","14796","63"
"maxwellkrause","maxwellkrauseforpresident",,,,,,,,,,,,,,,,,,,,,"3304362644712822417","1203523550","2024-02-17T00:46:20.000Z","39349","13.946","6724","36"
,,,,,,,,,,,,,,,,,,,,,,"3805611852999543269","2107737265","2026-01-08T15:00:02.000Z","8929","52.617","326","8"
"giftguide",,,,,,,,,,,,,,,,,,,,,,"3778828798549124841","24899333500","2025-12-02T16:05:59.000Z","81937","61.741","7506","45"
,,,,,,,,,,,,,,,,,,,,,,"3275159206943400188","553762135","2024-01-07T17:48:40.000Z","0","30.8","139913","573"
"hair","hairstyle","wavyhair","longhair","relatable",,,,,,,,,,,,,,,,,,"3817394850728319338","6722367163","2026-01-24T21:11:02.000Z","130690","9.335","9920","108"
,,,,,,,,,,,,,,,,,,,,,,"3774504360689481318","256788021","2025-11-26T16:57:21.000Z","576596","66.066","52305","342"
"fitness","explorepage","gains","aesthetics","gym","bodybuilding","gymmotivation","workout",,,,,,,,,,,,,,,"3758630439477650641","48687653855","2025-11-04T19:15:08.000Z","16156","16.366","5889","30"
"fitness","explorepage","gains","aesthetics","gym","bodybuilding","gymmotivation","workout",,,,,,,,,,,,,,,"3771854063424612378","48687653855","2025-11-23T01:08:55.000Z","0","9.3","3647","23"
"upperbodyworkout",,,,,,,,,,,,,,,,,,,,,,"3799554408385331892","771198260","2025-12-31T06:24:15.000Z","69192","59.666","10265","68"
,,,,,,,,,,,,,,,,,,,,,,"3777416502615042191","256788021","2025-11-30T17:22:35.000Z","376432","8.758","32137","140"
,,,,,,,,,,,,,,,,,,,,,,"3691847770052169575","40360206912","2025-08-04T15:54:02.000Z","185990","44.666","30180","423"
"fitness","explorepage","gains","aesthetics","gym","bodybuilding","gymmotivation","workout",,,,,,,,,,,,,,,"3768954462501719559","48687653855","2025-11-19T01:07:27.000Z","23750","10.75","8444","44"
"stretchingroutine",,,,,,,,,,,,,,,,,,,,,,"3798909518332147216","771198260","2025-12-30T09:02:58.000Z","268164","56.2","19527","55"
,,,,,,,,,,,,,,,,,,,,,,"3770388929468542522","48687653855","2025-11-21T00:38:05.000Z","21761","44.048","5513","20"
"legday",,,,,,,,,,,,,,,,,,,,,,"3800303540816645788","771198260","2026-01-01T07:12:40.000Z","67823","59.21","9480","75"
"fitness","explorepage","gains","aesthetics","gym","bodybuilding","gymmotivation","workout",,,,,,,,,,,,,,,"3769662742798631977","48687653855","2025-11-20T00:35:37.000Z","12327","39.869","3084","23"
"fitness","explorepage","gains","aesthetics","gym","bodybuilding","gymmotivation","workout",,,,,,,,,,,,,,,"3760930081267629798","48687653855","2025-11-07T23:26:42.000Z","25461","31.966","4107","15"
,,,,,,,,,,,,,,,,,,,,,,"3690438890168383397","40360206912","2025-08-02T17:14:47.000Z","100533","99.3","5438","64"
"tattoo","tattootour",,,,,,,,,,,,,,,,,,,,,"3806871076240735792","771198260","2026-01-10T08:41:12.000Z","0","58.513","8631","54"
"gym","aesthetics","fitness","workout","bodybuilding","motivation","health","dedication","gymmotivation","gymlife","muscle","mindset","leanmuscle","leangains","shredded","transformation","roadtopro","competition","natural","gymreels","reels",,"3455595048697959466","207737687","2024-09-12T16:39:04.000Z","27921","13.133","6006","68"
"gym","fitness",,,,,,,,,,,,,,,,,,,,,"3799955920609467089","49575399710","2025-12-31T19:42:21.000Z","0","14.581","1500","30"
"fitness","explorepage","gains","aesthetics","gym","bodybuilding","gymmotivation","workout",,,,,,,,,,,,,,,"3749338210389298107","48687653855","2025-10-22T23:36:14.000Z","172157","10.733","28597","141"
,,,,,,,,,,,,,,,,,,,,,,"3199930801768369019","44755953","2023-09-25T22:43:52.000Z","0","28.6","416957","1059"
,,,,,,,,,,,,,,,,,,,,,,"2753599428571160511","44755953","2022-01-18T03:00:31.000Z","1406869","26.5","216273","631"
"reels","motivation","fitnessmotivation","training","abs",,,,,,,,,,,,,,,,,,"3818579611223720287","59465170423","2026-01-26T12:23:48.000Z","1765","19.6","86","0"
"fitness","explorepage","gains","aesthetics","gym","bodybuilding","gymmotivation","workout",,,,,,,,,,,,,,,"3757329204678072563","48687653855","2025-11-03T00:11:21.000Z","29876","9.833","5435","24"
"fitness","explorepage","gains","aesthetics","gym","bodybuilding","gymmotivation","workout",,,,,,,,,,,,,,,"3755874178080258243","48687653855","2025-11-01T00:01:57.000Z","0","33.622","3795","19"
,,,,,,,,,,,,,,,,,,,,,,"3816051685454852069","6722367163","2026-01-23T00:41:03.000Z","157918","7.686","18959","413"
,,,,,,,,,,,,,,,,,,,,,,"3788935507125298439","1102055088","2025-12-16T14:45:57.000Z","0","16.6","95312","636"
,,,,,,,,,,,,,,,,,,,,,,"3816434719362269641","59465170423","2026-01-23T13:22:32.000Z","18","44.8","1","0"
,,,,,,,,,,,,,,,,,,,,,,"3791221273410791018","781301259","2025-12-19T18:31:34.000Z","0","28.7","68948","330"
"fitness","explorepage","gains","aesthetics","gym","bodybuilding","gymmotivation","workout",,,,,,,,,,,,,,,"3775461830022513724","48687653855","2025-11-28T00:37:22.000Z","0","11.796","3484","20"
,,,,,,,,,,,,,,,,,,,,,,"3815839931026043740","59465170423","2026-01-22T17:40:46.000Z","7885","42.8","125","3"
"gym","gymmotivation","fitnesscoach","workout","motivation",,,,,,,,,,,,,,,,,,"3815956783043786561","6722367163","2026-01-22T21:33:13.000Z","94968","8.208","7413","75"
"gym","fitness",,,,,,,,,,,,,,,,,,,,,"3791950024612447647","49575399710","2025-12-20T18:36:47.000Z","11100","7.917","1100","13"
"reels","foryou","motivation","fitnessmotivation","training",,,,,,,,,,,,,,,,,,"3815755222811816653","59465170423","2026-01-22T14:52:50.000Z","3232","16.48","245","0"
"gym","fitness",,,,,,,,,,,,,,,,,,,,,"3793387166379277455","49575399710","2025-12-22T18:11:40.000Z","0","14.9","4239","98"
"americanfootball","gym","getbettertoday","trackandfield","track","widereciever","fyp","trend","combine","performance","weightlifting",,,,,,,,,,,,"3805630956309068910","61516177636","2026-01-08T15:42:08.000Z","63129","60.3","4561","44"
,,,,,,,,,,,,,,,,,,,,,,"3775221836687677514","256788021","2025-11-27T16:44:24.000Z","150540","61.061","15808","170"
"americanfootball","gym","getbettertoday","trackandfield","track","widereciever","fyp","trend","performance",,,,,,,,,,,,,,"3810823558046156499","61516177636","2026-01-15T19:35:41.000Z","2139","39.1","130","2"
,,,,,,,,,,,,,,,,,,,,,,"3747421344196933842","32783217","2025-10-20T08:06:43.000Z","2552","41.333","186","16"
,,,,,,,,,,,,,,,,,,,,,,"3795528536803800422","553762135","2025-12-25T17:05:01.000Z","6323","32.633","494","9"
,,,,,,,,,,,,,,,,,,,,,,"3681655382859969917","40360206912","2025-07-21T14:22:37.000Z","0","16.666","9891","90"
,,,,,,,,,,,,,,,,,,,,,,"3804351367004075166","553762135","2026-01-06T21:14:51.000Z","166565","22.4","16440","55"
,,,,,,,,,,,,,,,,,,,,,,"3732175547934803268","32783217","2025-09-29T07:15:10.000Z","0","20.033","197","15"
,,,,,,,,,,,,,,,,,,,,,,"3732957893483514729","32783217","2025-09-30T09:08:46.000Z","1430","47.533","86","6"
,,,,,,,,,,,,,,,,,,,,,,"3723504869702834489","32783217","2025-09-17T08:06:51.000Z","0","35.366","255","14"
,,,,,,,,,,,,,,,,,,,,,,"3728595452653953327","32783217","2025-09-24T08:42:00.000Z","0","13.6","161","13"
,,,,,,,,,,,,,,,,,,,,,,"3727890054909226227","32783217","2025-09-23T09:19:28.000Z","4538","40","253","20"
,,,,,,,,,,,,,,,,,,,,,,"3796268945435801148","553762135","2025-12-26T17:39:31.000Z","133571","49.466","10770","104"
,,,,,,,,,,,,,,,,,,,,,,"3791906917476752011","553762135","2025-12-20T17:10:12.000Z","0","14.907","56114","282"
"fitness","explorepage","gains","aesthetics","gym","bodybuilding","gymmotivation","workout",,,,,,,,,,,,,,,"3803737532341541192","48687653855","2026-01-06T00:54:51.000Z","3251","9.366","348","2"
"fitmum","fitmotivation","gymgirl",,,,,,,,,,,,,,,,,,,,"3735107806631672259","1941071668","2025-10-03T08:50:55.000Z","2648","14.366","167","18"
,,,,,,,,,,,,,,,,,,,,,,"3789150199890068229","553762135","2025-12-16T21:52:38.000Z","0","39.706","595","12"
,,,,,,,,,,,,,,,,,,,,,,"3793484335995976162","553762135","2025-12-22T21:25:40.000Z","151600","23.915","-1","72"
,,,,,,,,,,,,,,,,,,,,,,"3789772868973004204","553762135","2025-12-17T18:30:33.000Z","25790","9.833","728","19"
,,,,,,,,,,,,,,,,,,,,,,"3792644937293295413","553762135","2025-12-21T17:35:47.000Z","0","12.566","18641","120"
"fitness","explorepage","gains","aesthetics","gym","bodybuilding","gymmotivation","workout",,,,,,,,,,,,,,,"3762441388647119322","48687653855","2025-11-10T01:29:23.000Z","22494","21.409","3677","21"
,,,,,,,,,,,,,,,,,,,,,,"3752500658546346325","32783217","2025-10-27T08:16:28.000Z","2196","47.2","147","5"
,,,,,,,,,,,,,,,,,,,,,,"3711916296889398928","32783217","2025-09-01T08:23:20.000Z","1348","38.966","122","10"
,,,,,,,,,,,,,,,,,,,,,,"3696704229957574533","32783217","2025-08-11T08:39:21.000Z","2390","24.833","204","13"
,,,,,,,,,,,,,,,,,,,,,,"3716993488585481553","32783217","2025-09-08T08:29:58.000Z","0","28.466","138","10"
"gym","fitness",,,,,,,,,,,,,,,,,,,,,"3791279238339865786","49575399710","2025-12-19T20:24:03.000Z","0","28.653","-1","27"
,,,,,,,,,,,,,,,,,,,,,,"3697408669161129659","32783217","2025-08-12T08:05:13.000Z","5045","20.366","276","14"
,,,,,,,,,,,,,,,,,,,,,,"3701772625224963057","32783217","2025-08-18T08:29:00.000Z","5405","38.266","285","13"
"workout","gym","fitness","bodybuilding","health",,,,,,,,,,,,,,,,,,"3819395330463456850","7110093853","2026-01-27T15:24:08.000Z","4510","65.62","137","4"
,,,,,,,,,,,,,,,,,,,,,,"3713370071026075942","32783217","2025-09-03T08:31:16.000Z","1981","22.833","208","25"
,,,,,,,,,,,,,,,,,,,,,,"3706126911976942477","32783217","2025-08-24T08:40:07.000Z","1036","34.166","84","7"
"workout","gym","fitness","bodybuilding","health",,,,,,,,,,,,,,,,,,"3819052006556793864","7110093853","2026-01-27T04:02:04.000Z","12426","57.4","2204","12"
"workout","gym","fitness","bodybuilding","health",,,,,,,,,,,,,,,,,,"3818855645550547838","7110093853","2026-01-26T21:32:06.000Z","0","14.733","222","1"
,,,,,,,,,,,,,,,,,,,,,,"3818889348863935130","7110093853","2026-01-26T22:39:02.000Z","0","76.4","399","23"
"workout","gym","fitness","bodybuilding","health",,,,,,,,,,,,,,,,,,"3819421931813144349","7110093853","2026-01-27T16:17:41.000Z","15564","104.52","1372","16"
"workout","gym","fitness","bodybuilding","health",,,,,,,,,,,,,,,,,,"3819068489080935696","7110093853","2026-01-27T04:35:00.000Z","35201","14.25","3346","24"
"workout","gym","fitness","bodybuilding","health",,,,,,,,,,,,,,,,,,"3818877478060741790","7110093853","2026-01-26T22:16:14.000Z","109115","170.735","6613","223"
,,,,,,,,,,,,,,,,,,,,,,"3815867081771044432","6722367163","2026-01-22T18:34:15.000Z","51068","112.6","2814","8"
,,,,,,,,,,,,,,,,,,,,,,"3707586569363180091","32783217","2025-08-26T09:00:08.000Z","1322","44.866","158","20"
,,,,,,,,,,,,,,,,,,,,,,"3786861276216203279","553762135","2025-12-13T18:04:46.000Z","0","15.9","14354","233"
,,,,,,,,,,,,,,,,,,,,,,"3783940101202804803","553762135","2025-12-09T17:21:20.000Z","67044","30.9","17825","86"
,,,,,,,,,,,,,,,,,,,,,,"3787588347120884197","553762135","2025-12-14T18:13:02.000Z","212172","23.242","20745","79"
,,,,,,,,,,,,,,,,,,,,,,"3819059624402524204","7110093853","2026-01-27T04:17:17.000Z","0","90.633","1362","18"
,,,,,,,,,,,,,,,,,,,,,,"3691605727917203810","32783217","2025-08-04T07:49:14.000Z","1374","37.6","100","9"
,,,,,,,,,,,,,,,,,,,,,,"3687288377281778088","32783217","2025-07-29T08:55:44.000Z","0","24.4","72","8"
,,,,,,,,,,,,,,,,,,,,,,"3690903338956475052","32783217","2025-08-03T08:33:16.000Z","6534","10.6","299","14"
,,,,,,,,,,,,,,,,,,,,,,"3717728312266847265","32783217","2025-09-09T08:50:07.000Z","0","25.733","106","8"
,,,,,,,,,,,,,,,,,,,,,,"3693074239167610560","32783217","2025-08-06T08:26:36.000Z","994","18","78","6"
"workout","gym","fitness","bodybuilding","health",,,,,,,,,,,,,,,,,,"3819391818170482012","7110093853","2026-01-27T15:17:36.000Z","1626","44.721","210","2"
"workout","gym","fitness","bodybuilding","health",,,,,,,,,,,,,,,,,,"3818853862417981724","7110093853","2026-01-26T21:28:45.000Z","6990","15.2","509","2"
"workout","gym","fitness","bodybuilding","health",,,,,,,,,,,,,,,,,,"3818823522240518765","7110093853","2026-01-26T20:29:01.000Z","0","67.2","225","3"
"workout","gym","fitness","bodybuilding","health",,,,,,,,,,,,,,,,,,"3818825194736078276","7110093853","2026-01-26T20:31:49.000Z","0","104.433","295","8"
"macros","weightloss","fitnessjourney",,,,,,,,,,,,,,,,,,,,"3799090446177669236","5866851013","2025-12-30T15:04:55.000Z","9675","8.917","667","184"
"fitness","explorepage","gains","aesthetics","gym","bodybuilding","gymmotivation","workout",,,,,,,,,,,,,,,"3772538289933378026","48687653855","2025-11-23T23:47:36.000Z","14736","34.766","3239","17"
,,,,,,,,,,,,,,,,,,,,,,"3767308508215717360","1102055088","2025-11-16T18:40:07.000Z","951788","31.498","122065","1339"
"motivation","fitnessmotivation","mentalhealth",,,,,,,,,,,,,,,,,,,,"3743286572771805726","1102055088","2025-10-14T15:10:31.000Z","2231206","28.995","247347","1944"
,,,,,,,,,,,,,,,,,,,,,,"3755756676063668404","1102055088","2025-10-31T20:07:37.000Z","6305215","31.998","1033922","2216"
"motivation","fitnessmotivation",,,,,,,,,,,,,,,,,,,,,"3747561143687528683","1102055088","2025-10-20T12:45:43.000Z","0","39.3","207759","1084"
"fitness","gym","fitnessmotivation",,,,,,,,,,,,,,,,,,,,"3762170216794103561","1102055088","2025-11-09T16:29:31.000Z","6992110","23","564484","4169"
,,,,,,,,,,,,,,,,,,,,,,"3756517173549189824","1102055088","2025-11-01T21:25:14.000Z","1366973","13.239","203289","1435"
,,,,,,,,,,,,,,,,,,,,,,"3764313767485232393","1102055088","2025-11-12T15:27:51.000Z","3244200","36.236","627670","4139"
,,,,,,,,,,,,,,,,,,,,,,"3731716572109641170","1102055088","2025-09-28T16:02:54.000Z","0","58.066","315071","1901"
,,,,,,,,,,,,,,,,,,,,,,"3742334870296403422","32783217","2025-10-13T07:39:35.000Z","2761","42.266","131","7"
,,,,,,,,,,,,,,,,,,,,,,"3771546845202704391","1102055088","2025-11-22T14:58:45.000Z","1219073","77.143","219652","1720"
,,,,,,,,,,,,,,,,,,,,,,"3759254776149299664","1102055088","2025-11-05T15:56:28.000Z","0","35.135","149399","1142"
"motivation","mentalhealth",,,,,,,,,,,,,,,,,,,,,"3739658961797588577","1102055088","2025-10-09T15:05:15.000Z","449432","24.057","86188","1106"
"mealprep","fitness","workout",,,,,,,,,,,,,,,,,,,,"3737438930716131397","1102055088","2025-10-06T13:31:37.000Z","0","27.8","111577","601"
